Submited;gender;age;nationality;graduate;expertise;Fufak_intellekt;FuFak_Wissen;FuFak_Nostalgie;FuFak_BewegenSingen;FuFak_Hintergrund;tr1;tr2;tr3;tr4;tr5;tr6;tr7;tr8;tr9;tr10;t1genre;t2genre;t3genre;t4genre;t5genre;t6genre;t7genre;t8genre;t9genre;t10genre;t1genre_num;t2genre_num;t3genre_num;t4genre_num;t5genre_num;t6genre_num;t7genre_num;t8genre_num;t9genre_num;t10genre_num;Genre_Anz;anspruchsvoll1_1;anspruchsvoll2_1;anspruchsvoll3_1;anspruchsvoll4_1;anspruchsvoll5_1;anspruchsvoll6_1;anspruchsvoll7_1;anspruchsvoll8_1;anspruchsvoll9_1;anspruchsvoll10_1;F1_anspruch_Std;F1_anspruch_Mittel;intensiv1_2;intensiv2_2;intensiv3_2;intensiv4_2;intensiv5_2;intensiv6_2;intensiv7_2;intensiv8_2;intensiv9_2;intensiv10_2;F2_intensiv_Std;F2_intensiv_Mittel;sanft1_3;sanft2_3;sanft3_3;sanft4_3;sanft5_3;sanft6_3;sanft7_3;sanft8_3;sanft9_3;sanft10_3;F3_sanft_Std;F3_sanft_Mittel;komplex1_4;komplex2_4;komplex3_4;komplex4_4;komplex5_4;komplex6_4;komplex7_4;komplex8_4;komplex9_4;komplex10_4;F4_komplex_Std;F4_komplex_Mittel;emotional1_5;emotional2_5;emotional3_5;emotional4_5;emotional5_5;emotional6_5;emotional7_5;emotional8_5;emotional9_5;emotional10_5;F5_emotional_Std;F5_emotional_Mittel;erregend1_6;erregend2_6;erregend3_6;erregend4_6;erregend5_6;erregend6_6;erregend7_6;erregend8_6;erregend9_6;erregend10_6;F6_erregend_Std;F6_erregend_Mittel;entspannend1_7;entspannend2_7;entspannend3_7;entspannend4_7;entspannend5_7;entspannend6_7;entspannend7_7;entspannend8_7;entspannend9_7;entspannend10_7;F7_entspannend_Std;F7_entspannend_Mittel;intellektuell1_8;intellektuell2_8;intellektuell3_8;intellektuell4_8;intellektuell5_8;intellektuell6_8;intellektuell7_8;intellektuell8_8;intellektuell9_8;intellektuell10_8;F8_intellektuell_Std;F8_intellektuell_Mittel;tanzbar1_9;tanzbar2_9;tanzbar3_9;tanzbar4_9;tanzbar5_9;tanzbar6_9;tanzbar7_9;tanzbar8_9;tanzbar9_9;tanzbar10_9;F9_tanzbar_Std;F9_tanzbar_Mittel;froehlich1_10;froehlich2_10;froehlich3_10;froehlich4_10;froehlich5_10;froehlich6_10;froehlich7_10;froehlich8_10;froehlich9_10;froehlich10_10;F10_froehlich_Std;F10_froehlich_Mittel;traurig1_11;traurig2_11;traurig3_11;traurig4_11;traurig5_11;traurig6_11;traurig7_11;traurig8_11;traurig9_11;traurig10_11;F11_traurig_Std;F11_traurig_Mittel;warm1_12;warm2_12;warm3_12;warm4_12;warm5_12;warm6_12;warm7_12;warm8_12;warm9_12;warm10_12;F12_warm_Std;F12_warm_Mittel;einfach1_13;einfach2_13;einfach3_13;einfach4_13;einfach5_13;einfach6_13;einfach7_13;einfach8_13;einfach9_13;einfach10_13;F13_einfach_Std;F13_einfach_Mittel;Wohlbehagen1_1;Wohlbehagen2_1;Wohlbehagen3_1;Wohlbehagen4_1;Wohlbehagen5_1;Wohlbehagen6_1;Wohlbehagen7_1;Wohlbehagen8_1;Wohlbehagen9_1;Wohlbehagen10_1;E1_Wohlbehagen_Std;E1_Wohlbehagen_Mittel;InnereRuhe1_2;InnereRuhe2_2;InnereRuhe3_2;InnereRuhe4_2;InnereRuhe5_2;InnereRuhe6_2;InnereRuhe7_2;InnereRuhe8_2;InnereRuhe9_2;InnereRuhe10_2;E2_innereRuhe_Std;E2_innereRuhe_Mittel;Sehnsucht1_3;Sehnsucht2_3;Sehnsucht3_3;Sehnsucht4_3;Sehnsucht5_3;Sehnsucht6_3;Sehnsucht7_3;Sehnsucht8_3;Sehnsucht9_3;Sehnsucht10_3;E3_Sehnsucht_Std;E3_Sehnsucht_Mittel;Freude1_4;Freude2_4;Freude3_4;Freude4_4;Freude5_4;Freude6_4;Freude7_4;Freude8_4;Freude9_4;Freude10_4;E4_Freude_Std;E4_Freude_Mittel;Nostalgie1_5;Nostalgie2_5;Nostalgie3_5;Nostalgie4_5;Nostalgie5_5;Nostalgie6_5;Nostalgie7_5;Nostalgie8_5;Nostalgie9_5;Nostalgie10_5;E5_Nostalgie_Std;E5_Nostalgie_Mittel;Liebe1_6;Liebe2_6;Liebe3_6;Liebe4_6;Liebe5_6;Liebe6_6;Liebe7_6;Liebe8_6;Liebe9_6;Liebe10_6;E6_Liebe_Std;E6_Liebe_Mittel;Aufregung1_7;Aufregung2_7;Aufregung3_7;Aufregung4_7;Aufregung5_7;Aufregung6_7;Aufregung7_7;Aufregung8_7;Aufregung9_7;Aufregung10_7;E7_Aufregung_Std;E7_Aufregung_Mittel;Aggression1_8;Aggression2_8;Aggression3_8;Aggression4_8;Aggression5_8;Aggression6_8;Aggression7_8;Aggression8_8;Aggression9_8;Aggression10_8;E8_Aggression_Std;E8_Aggression_Mittel;Traurigkeit1_9;Traurigkeit2_9;Traurigkeit3_9;Traurigkeit4_9;Traurigkeit5_9;Traurigkeit6_9;Traurigkeit7_9;Traurigkeit8_9;Traurigkeit9_9;Traurigkeit10_9;E9_Traurigkeit_Std;E9_Traurigkeit_Mittel;Angst1_10;Angst2_10;Angst3_10;Angst4_10;Angst5_10;Angst6_10;Angst7_10;Angst8_10;Angst9_10;Angst10_10;E10_Angst_Std;E10_Angst_Mittel;Anspannung1_11;Anspannung2_11;Anspannung3_11;Anspannung4_11;Anspannung5_11;Anspannung6_11;Anspannung7_11;Anspannung8_11;Anspannung9_11;Anspannung10_11;E11_Anspannung_Std;E11_Anspannung_Mittel;AnzContext_reines_Musikhoeren;AnzContext_Haushalt_arbeiten;AnzContext_Arbeiten_Lernen;AnzContext_Emotion_ver�ndern;AnzContext_sportliche_Aktivit�t;AnzContext_sozialeAktivit�t;AnzContext_Feier_Party;AnzContext_Entspannen_Einschlafen;AnzContext_Unterwegs_BusBahnAuto;AnzContext_anderes;context1;context2;context3;context4;context5;context6;context7;context8;context9;context10;commenttr1;commenttr2;commenttr3;commenttr4;commenttr5;commenttr6;commenttr7;commenttr8;commenttr9;commenttr10;context1Comment;context3Comment
16.07.2016 13:42;1;31;deutsch;4;2;1;3;3;4;2;Dexter does damage;Rolling Stones get off of my cloud;eric clapton key to the highway;Jimi Hendrix crosstown traffic;damu the fudgemunk coffee run;bob dylan one more cup of coffee;Nina simone trouble in mind;the coasters down in mexico;kollektiv turmstrasse tristesse;rage against the machine bombtrack;rap;blues;blues;blues;rap;blues;jazz;blues;edm;alternative;13;1;1;1;13;1;4;1;12;5;5;2;3;5;4;2;3;5;3;3;4;0,14173238;3,4;4;5;5;5;3;4;5;5;3;5;0,719211057;4,4;2;3;4;2;4;5;4;1;4;1;-0,167855582;3;2;3;5;4;1;3;5;3;3;3;0,261824692;3,2;2;4;4;2;3;5;5;3;5;4;0,292091699;3,7;3;5;4;3;3;4;4;4;5;5;0,784610843;4;1;2;3;3;3;4;3;1;5;1;-0,34406525;2,6;2;2;4;2;2;3;3;2;3;2;-0,143666222;2,5;3;5;2;4;4;1;2;2;3;4;0,391479743;3;2;4;2;3;2;1;1;3;2;1;-0,546465621;2,1;3;1;4;1;4;4;5;2;4;1;0,621849638;2,9;4;2;3;3;3;2;4;3;2;3;-0,450632321;2,9;4;2;2;3;4;3;1;3;2;3;0,331661499;2,7;5;4;4;5;5;5;5;5;3;5;1,198753985;4,6;2;1;3;2;1;4;3;1;2;1;-1,403489832;2;2;4;5;2;3;4;5;2;3;5;0,573603004;3,5;4;4;5;3;4;2;2;4;2;4;0,343705247;3,4;2;5;5;5;2;5;5;5;1;5;0,916506902;4;1;4;3;1;1;4;4;1;1;1;-0,435644418;2,1;4;4;1;3;1;2;3;3;1;4;-0,085978659;2,6;4;2;1;1;1;1;1;2;1;5;-0,08024035;1,9;1;1;3;1;3;4;4;3;4;1;0,554926527;2,5;3;1;1;1;3;1;2;1;4;2;0,626572097;1,9;4;1;1;1;3;1;1;2;3;3;0,068337277;2;10;5;2;4;0;3;4;1;2;0;[1, 2, 6, 7, 9];[1, 2];[1, 3];[1, 2, 6, 9];[1, 2, 4, 6, 7];[1, 2, 4, 7];[1];[1, 3];[1, 4, 8];[1, 7, 4]; ; ; ; ; ; ; ; ; ; ;DJing;Musik machen
17.07.2016 18:56;1;30;Deutsch;4;3;1;2;2;3;1;Schoolboy q man of the year;YG bicken  back being bool;Young Thug best friend;Cliff Martinez rubber head;Dr. Dre For The Love of Money;curren$y money machine;Hans Zimmer time;Jeezy Holy ghost;Fetty wap couple bands;Marconi union weightless;rap;rap;rap;soundtrack;rap;rap;soundtrack;rap;rap;edm;13;13;13;11;13;13;11;13;13;12;3;4;4;5;5;5;5;5;4;4;5;2,104180724;4,6;5;4;5;5;5;4;5;5;4;5;1,274031014;4,7;3;4;5;5;4;5;5;2;5;5;1,877884327;4,3;4;3;5;3;5;4;5;4;3;5;1,776667552;4,1;2;2;3;3;3;1;5;3;4;1;-1,152317802;2,7;5;4;2;2;5;1;5;5;3;1;-0,29939098;3,3;3;3;4;5;2;5;3;3;4;5;1,309452215;3,7;3;3;3;4;4;4;5;4;3;4;1,748523049;3,7;5;4;4;1;4;1;1;3;2;1;-0,210796785;2,6;4;3;2;1;2;2;3;2;2;1;-0,403494964;2,2;1;1;2;1;1;1;3;2;4;1;-1,308028549;1,7;3;1;2;4;4;3;4;4;4;5;0,373695096;3,4;3;2;2;3;1;2;1;1;3;1;-0,966144368;1,9;5;4;5;5;5;5;4;5;5;5;1,474682013;4,8;3;3;4;4;3;5;2;3;4;5;0,9630504;3,6;4;4;3;4;4;4;5;4;4;3;1,160242439;3,9;4;3;4;3;3;4;4;4;4;1;0,343705247;3,4;5;4;4;4;3;4;5;4;3;1;0,569928662;3,7;4;3;3;3;3;3;5;3;4;1;1,001982163;3,2;4;3;3;2;5;2;5;4;1;1;0,509258211;3;3;4;3;1;4;1;1;4;1;1;0,547727608;2,3;1;1;2;1;1;1;1;3;2;1;-1,151214038;1,4;1;1;2;2;1;1;2;2;1;1;-0,260086531;1,4;1;2;2;2;2;1;2;2;1;1;-0,546698215;1,6;8;6;1;9;2;4;2;5;8;1;[2, 4, 5, 6, 7, 9];[1, 2, 4, 6, 9];[1, 2, 4, 8, 9, 7, 6];[1, 2, 3, 4, 8, 9, 10];[1, 4, 9];[1, 2, 4, 8, 9];[1, 4];[1, 2, 4, 5, 9];[1, 4, 9, 6, 8];[8]; ; ; ; ; ; ; ; ; ; ; ;
19.07.2016 16:24;1;31;deutsch;2;1;4;3;5;2;4;Imagine Dragons Radioactive;System Of A Down Chop Suey;Numb Linkin Park;Rise Against savior;Soundgarden Black hole sun;Skillet Awake and Alive;daughtry its not over;blue october hate me;korn did my time;rob zombie living dead girl;jazz;country;rap;religious;pop;jazz;pop;rock;jazz;heavymetal;4;8;13;10;9;4;9;7;4;6;8;1;5;1;2;1;5;2;1;1;5;-1,493641239;2,4;3;4;2;3;2;4;3;2;2;4;-2,054888733;2,9;3;3;3;4;3;3;4;3;3;3;0,146873635;3,2;5;2;4;5;4;3;5;4;4;2;1,271719932;3,8;3;1;5;4;5;2;4;2;5;1;-0,430113051;3,2;1;2;4;3;4;3;3;5;4;2;-0,609105786;3,1;3;3;3;2;3;2;2;4;3;3;-0,043425711;2,8;5;4;2;1;2;3;1;3;2;2;-0,143666222;2,5;5;5;1;2;1;1;2;1;3;4;-0,361365917;2,5;4;4;2;3;2;4;3;3;1;3;0,597299632;2,9;4;3;3;4;3;3;4;5;4;3;1,747611913;3,6;2;2;4;5;4;5;5;4;5;3;1,198022513;3,9;4;1;5;4;5;2;4;3;4;2;1,467241633;3,4;5;2;4;3;5;1;3;1;5;3;-0,732742206;3,2;3;3;3;2;4;3;2;2;3;3;-0,220219716;2,8;3;4;2;1;3;5;1;3;2;4;-0,453016009;2,8;2;5;1;2;4;4;2;4;1;4;-0,322964413;2,9;4;4;2;3;3;2;1;5;2;5;-0,123227819;3,1;2;3;3;4;4;4;3;4;3;4;1,263368814;3,4;5;2;4;5;3;2;1;3;4;2;0,658067429;3,1;5;1;5;4;4;3;3;2;5;2;2,274639492;3,4;2;3;4;3;3;4;1;1;5;2;1,020237591;2,8;5;4;3;2;4;5;5;3;2;3;3,641211431;3,6;5;5;2;1;3;2;1;2;3;4;1,298408261;2,8;1;1;2;2;2;1;2;1;1;0;[3];[6];[5];[4];[1];[2];[7];[3];[4];[5, 9, 8, 7]; ; ; ; ; ; ; ; ; ; ; ;
19.07.2016 16:43;1;21;deutsch;3;1;3;5;2;1;4;Gorillaz Plastic Beach;queen;Metallica #Enter Sandman;Tenacious #D Tribute;lady Gaga #Dope;Kendrick Lamar # ADHD;JBO #Ein guter Tag zum sterben;Snoop Dogg ft. Bruno Mars Young Wild & Free;Metallica #That was just your life;Metallica #The end of line;edm;rock;heavymetal;rock;pop;rap;heavymetal;rap;heavymetal;heavymetal;12;7;6;7;9;13;6;13;6;6;5;5;5;5;2;2;5;1;1;3;3;-0,185342344;3,2;5;5;5;4;4;5;4;3;4;5;0,719211057;4,4;5;4;1;4;5;3;2;4;2;3;0,304238243;3,3;3;4;3;3;3;4;2;2;3;4;0,093508819;3,1;3;5;4;5;4;4;5;4;4;4;1,01429645;4,2;4;5;5;5;4;4;5;4;5;4;1,55889786;4,5;4;1;1;2;3;3;1;5;3;3;-0,34406525;2,6;4;4;3;3;3;4;3;2;3;4;1,117793292;3,3;3;3;4;5;1;4;4;4;5;5;1,596032798;3,8;3;3;3;5;2;3;5;5;3;4;1,598094229;3,6;4;3;2;1;4;2;1;1;2;2;-0,503912638;2,2;3;4;4;5;4;3;5;3;4;4;1,198022513;3,9;4;4;3;4;3;2;5;4;3;3;1,629467367;3,5;5;3;5;5;2;4;5;5;5;4;0,784861944;4,3;5;2;3;3;2;5;5;4;5;4;1,258867929;3,8;2;4;4;4;4;1;4;5;4;5;0,866922722;3,7;4;5;5;5;4;4;5;5;4;4;1,810378498;4,5;1;5;5;5;1;1;3;2;2;2;-0,585332139;2,7;1;5;3;3;3;1;3;3;2;4;0,47920886;2,8;2;4;5;4;4;4;2;1;5;4;1,253304299;3,5;3;1;2;1;2;1;1;3;3;4;0,233743629;2,1;3;1;2;1;2;1;3;1;2;3;-0,375695599;1,9;1;1;1;1;1;1;3;1;2;4;0,09457692;1,6;1;1;2;1;1;1;1;1;2;4;-0,700457088;1,5;9;2;3;6;2;6;6;8;4;2;[1, 8];[4];[4, 1, 7];[1, 7, 6, 8];[1, 3, 8];[1, 6, 8];[1, 4, 6, 7, 8, 9];[1, 4, 6, 8, 9, 7];[1, 6, 3, 2, 5, 4, 7, 8, 9, 10];[1, 2, 3, 4, 5, 6, 7, 8, 10, 9]; ; ; ; ; ; ; ; ; ; ; ;
21.07.2016 14:28;1;31;deutsch;5;1;3;5;3;4;2;Television Marquee Moon;New Order Blue Monday;The Vaccines - Wreckin' Bar (Ra Ra Ra);Grateful Dead Scarlet Begonias;The Streets 4 o'clock;Pink Floyd Atom Heart Mother;Beginner Füchse;Sonic Youth teenage riot;Franz Liszt Les Preludes;The Stranglers Down in the Sewer;rock;edm;alternative;rock;rap;rock;rap;alternative;classical;rock;7;12;5;7;13;7;13;5;2;7;5;4;2;2;3;3;5;3;4;4;3;-0,021804982;3,3;5;5;4;4;4;5;3;5;5;4;0,719211057;4,4;4;1;1;5;4;4;3;3;4;2;-0,010490974;3,1;3;3;1;3;2;5;3;4;4;4;0,261824692;3,2;5;2;4;5;5;3;3;4;4;3;0,436532649;3,8;2;4;5;2;4;3;3;3;2;4;-0,454248383;3,2;4;1;1;4;1;4;3;1;4;4;-0,193745481;2,7;3;2;1;1;3;4;3;4;5;1;0,171698656;2,7;2;5;5;1;3;1;3;1;1;1;-0,66250418;2,3;1;4;5;2;2;1;4;1;1;3;-0,117553651;2,4;4;1;1;2;3;3;2;4;1;1;-0,503912638;2,2;2;3;3;5;4;1;3;2;3;3;-0,450632321;2,9;1;2;4;3;1;1;3;1;1;1;-1,128370101;1,8;4;4;4;5;4;4;4;3;3;5;0,370969903;4;4;2;1;4;4;4;2;5;5;4;0,815141636;3,5;4;2;1;4;2;4;3;5;1;2;-0,453016009;2,8;4;5;5;4;3;2;3;1;4;2;0,210371315;3,3;3;2;4;5;4;1;5;2;2;5;0,107824341;3,3;2;2;1;5;1;1;3;1;1;2;-0,69703107;1,9;2;5;4;2;3;3;1;3;3;1;0,062830559;2,7;1;4;4;1;4;1;1;4;4;3;1,175695566;2,7;2;1;1;1;1;3;1;3;1;1;-0,99611035;1,5;1;1;1;1;1;3;1;3;3;1;0,09457692;1,6;1;2;3;1;3;1;1;4;2;1;-0,085421596;1,9;8;1;2;7;2;3;4;4;8;2;[10, 9, 4];[1, 5, 7, 9];[6, 7, 1, 4];[4, 1, 9, 8];[9, 7, 6, 4, 1];[1, 4, 8, 9];[9, 7, 6, 3];[4, 1, 3, 8, 9];[2, 10, 4, 1];[1, 9, 8, 5]; ; ; ; ; ; ; ; ; ; ; ;
21.07.2016 15:39;2;25;deutsch;3;2;3;2;3;4;4;green day basket case;the daughter youth;The Tallest Man On Earth king of spain;the cranberries zombie;glen hansard falling slowly;the doors light my fire;new order blue monday;the naked and famous punching in a dream;alt-J Tessellate;olafur near light;rock;alternative;alternative;rock;alternative;rock;alternative;alternative;alternative;alternative;7;5;5;7;5;7;5;5;5;5;2;3;2;3;3;2;5;5;2;3;5;-0,021804982;3,3;3;2;3;2;1;5;5;4;2;5;-1,500068775;3,2;2;5;2;3;5;1;2;1;4;5;-0,167855582;3;2;3;3;3;3;2;5;2;3;5;0,093508819;3,1;3;5;4;5;5;3;3;4;4;5;0,869855499;4,1;2;3;4;3;2;3;3;3;3;3;-0,918820593;2,9;2;4;3;2;3;2;3;1;4;4;-0,043425711;2,8;3;2;3;3;3;4;3;2;3;4;0,644745974;3;3;1;2;1;1;1;5;5;1;1;-0,963642444;2,1;4;2;4;1;2;3;5;5;2;1;0,597299632;2,9;1;2;2;5;4;1;1;1;3;4;-0,182266273;2,4;4;3;4;3;4;4;4;2;3;3;0,373695096;3,4;1;1;3;1;1;1;1;2;2;1;-1,777273035;1,4;5;3;4;2;2;4;5;5;4;3;-0,042922138;3,7;4;4;4;3;4;1;3;2;4;4;0,519324107;3,3;3;3;1;1;3;1;1;5;2;2;-1,332975162;2,2;5;3;4;1;2;5;5;5;4;4;0,877040974;3,8;1;3;1;2;5;1;1;4;2;3;-1,047436459;2,3;2;3;3;3;4;3;4;3;1;2;0,47920886;2,8;3;1;1;1;1;1;3;4;1;1;-1,425261617;1,7;1;1;1;1;1;1;1;1;1;1;-1,493168256;1;1;2;3;3;1;1;1;1;1;1;-0,99611035;1,5;1;1;1;1;1;1;1;1;1;1;-0,969413433;1;1;1;1;1;1;1;1;1;1;1;-1,469251454;1;5;6;5;6;1;3;2;0;1;0;[1, 2, 5];[2, 3, 4];[4, 9];[4];[1, 2, 3, 4];[1, 2, 3, 6];[1, 2, 3, 4, 6, 7];[7, 6, 4, 2, 3, 1]; ; ; ; ; ; ; ; ; ; ; ; ; ;
27.07.2016 18:24;1;28;Deutsch;4;3;4;4;4;4;3;The Pixies Where Is My Mind?;Rage Against The Machine No Shelter;Consumed Black And Blue;Pinback Fortress;TV On The Radio Staring At The Sun;Foo Fighters Everlong;The Mars Volta Roulette Dares (The Haunt Of);London Grammar Hey Now;Slipknot Danger - Keep Away;Nine Inch Nails Just Like You Imagined;alternative;alternative;alternative;alternative;alternative;alternative;alternative;alternative;alternative;alternative;5;5;5;5;5;5;5;5;5;5;1;2;4;2;2;3;3;4;3;2;4;-0,675954429;2,9;4;5;5;2;4;4;5;5;3;5;0,349331085;4,2;3;1;1;5;4;2;3;5;4;1;-0,325220191;2,9;2;2;2;2;3;3;4;2;2;3;-0,916386422;2,5;5;4;4;4;5;4;4;5;4;4;1,1587374;4,3;5;5;5;4;4;4;5;4;4;5;1,55889786;4,5;3;2;2;5;4;2;2;4;4;2;0,257213828;3;2;3;1;2;3;2;4;2;2;3;-0,301348662;2,4;2;2;3;1;1;3;2;1;1;2;-1,41534984;1,8;1;3;4;4;2;2;3;1;1;1;-0,403494964;2,2;4;1;2;3;4;3;3;4;4;2;0,78267282;3;4;2;2;5;5;2;4;5;4;3;0,703426063;3,6;4;2;3;4;3;2;2;3;3;2;0,493887233;2,8;4;4;4;5;5;3;4;5;2;2;0,095041876;3,8;4;2;1;4;5;2;3;5;3;3;0,371415342;3,2;5;2;3;3;4;4;3;4;4;3;0,573603004;3,5;3;4;4;3;3;3;3;2;2;3;-0,189630481;3;4;3;5;2;4;4;4;3;4;4;0,569928662;3,7;5;1;1;3;4;3;1;3;2;2;0,087128884;2,5;2;2;3;1;1;1;1;1;1;2;-1,722880052;1,5;1;4;4;1;1;1;2;1;1;4;0,076751639;2;4;1;2;2;2;3;2;3;4;2;0,554926527;2,5;2;1;1;1;1;1;1;2;2;1;-0,437418256;1,3;2;2;2;1;1;1;3;1;1;2;-0,546698215;1,6;10;9;0;10;5;7;4;5;10;0;[1, 4, 6, 7, 9];[1, 2, 4, 5, 6, 7, 9];[1, 2, 4, 5, 6, 7, 9];[1, 2, 4, 6, 9, 8];[1, 2, 4, 6, 8, 9];[1, 2, 4, 5, 6, 7, 9, 8];[1, 2, 4, 9];[1, 2, 4, 5, 6, 8, 9];[1, 2, 4, 8, 9];[1, 2, 4, 5, 9]; ; ; ; ; ; ; ; ; ; ; ;
01.08.2016 12:31;1;59;deutsch;2;2;2;4;1;3;3;Muddy waters hoochie cooche man;Robert johnson Ramblin on my mind;Jimi Hendrix Hear my train a comin;Bill Withers Aint no sunshine when shes gone;Albert King Born under a bad sign;Betty wright no pain no gain;Blues Brothers Dont know;Canned heat goin up the country;Ben E King stand by me;Cream Sunshine of your love;blues;blues;rock;soul;blues;soul;blues;blues;soul;blues;1;1;7;14;1;14;1;1;14;1;3;5;4;4;4;5;2;3;5;3;5;1,122956552;4;4;2;4;4;5;2;3;3;5;4;-0,760308831;3,6;3;5;3;5;3;4;3;5;5;2;1,091061285;3,8;2;2;2;3;5;2;2;3;3;3;-0,579754675;2,7;4;3;2;4;1;5;4;3;5;1;-0,430113051;3,2;4;2;3;4;3;3;4;5;3;4;0,010323827;3,5;3;5;4;4;2;5;1;5;2;2;0,708173137;3,3;1;2;2;3;2;1;3;3;3;1;-0,77439598;2,1;1;1;1;2;2;2;2;4;1;4;-1,114211576;2;1;2;3;1;2;3;3;5;2;2;-0,117553651;2,4;2;3;2;5;2;1;2;3;4;2;0,139380091;2,6;3;4;3;3;3;3;3;3;3;3;-0,120901355;3,1;1;3;3;3;3;3;3;3;3;3;0,493887233;2,8;5;3;4;5;3;5;5;5;4;3;0,646897931;4,2;4;1;5;3;2;3;3;4;3;3;0,223506578;3,1;4;3;3;4;3;4;2;5;3;4;0,573603004;3,5;4;3;3;1;2;3;1;3;2;2;-0,989634072;2,4;5;5;5;5;5;2;3;5;5;5;1,494137302;4,5;2;3;1;5;1;4;1;1;5;2;0,087128884;2,5;4;3;2;1;5;4;2;3;3;2;0,360448994;2,9;2;1;2;2;3;1;2;1;1;3;-0,23723234;1,8;1;4;3;3;2;3;2;2;4;1;0,554926527;2,5;3;4;1;2;2;2;1;3;3;3;1,513230725;2,4;3;4;1;3;3;4;3;4;3;2;1,605926008;3;10;0;0;0;0;0;0;0;0;0;[1];[1];[1];[1];[1];[1];[1];[1];[1];[1]; ; ; ; ; ; ; ; ; ; ; ;
02.08.2016 12:56;2;28;deutsch;3;1;2;3;1;4;4;Adele Rolling in the deep;Pussycat Dolls Whatcha Think about that;Nancy Sinatra These boots are made for Walking;Fleetwood Mac Go your own way;Dixie Chicks Goodbye Earl;Gloria Gaynor I will survive;Mungo Jerry in the summertime;the association windy;Hugh Masekela Grazing in the grass;John Mellencamp Jack and diane;pop;pop;soul;rock;rock;soul;pop;pop;soul;alternative;9;9;14;7;7;14;9;9;14;5;4;3;3;3;3;3;5;4;2;4;3;-0,021804982;3,3;3;4;4;3;4;5;3;3;4;3;-0,760308831;3,6;3;3;4;4;4;4;5;4;5;3;1,248425894;3,9;2;2;3;2;3;3;3;3;3;2;-0,748070548;2,6;3;1;5;5;4;5;2;3;2;3;-0,285672101;3,3;3;3;3;3;2;4;3;3;4;2;-0,763963189;3;4;3;4;2;3;4;3;3;5;3;0,858492907;3,4;3;1;2;2;2;2;3;2;3;2;-0,61671354;2,2;5;2;3;2;3;4;3;3;2;2;0,240910611;2,9;2;2;4;3;3;3;3;4;2;3;0,597299632;2,9;1;2;3;4;1;4;4;1;1;2;-0,343089455;2,3;3;3;4;3;3;3;2;3;4;4;0,043964129;3,2;3;2;1;3;3;1;3;4;3;1;-0,155015701;2,4;3;4;5;3;4;4;2;5;3;3;-0,180886151;3,6;3;2;4;4;2;3;3;4;5;5;0,815141636;3,5;3;1;5;3;3;4;2;3;5;3;0,133623427;3,2;3;2;3;2;3;4;3;3;2;3;-0,456298345;2,8;1;1;5;3;1;5;5;5;3;3;-0,007701739;3,2;2;2;1;2;2;3;1;1;1;3;-0,827724395;1,8;3;3;2;3;2;3;2;1;1;3;-0,532406312;2,3;1;1;1;3;1;1;1;1;1;1;-1,179184277;1,2;3;3;1;3;2;4;1;1;1;1;-0,220591912;2;1;2;1;3;2;3;1;1;1;1;0,09457692;1,6;1;2;2;4;3;3;1;1;1;1;-0,085421596;1,9;0;10;0;0;0;0;0;0;0;0;[2];[2];[2];[2];[2];[2];[2];[2];[2];[2]; ; ; ; ; ; ; ; ; ; ; ;
03.08.2016 12:42;1;31;deutsch;4;2;4;2;1;1;5;Genesis land of confusion;keane somewhere only we know;Europe the final countdown;Falco Rock me amadeus;Mika grace Kelly;Bloodhound gang the bad touch;die Toten hosen tage wie diese;Offspring self esteem;Cro Bye bye;Sido arschficksong;rock;alternative;rock;rock;pop;rock;rock;rock;rap;rap;7;5;7;7;9;7;7;7;13;13;4;4;3;5;4;1;2;4;3;3;1;-0,512417067;3;4;5;5;5;2;4;5;5;5;3;0,534271071;4,3;3;4;1;1;3;2;2;4;4;1;-0,954678625;2,5;2;3;4;3;2;3;3;3;4;2;-0,243122928;2,9;1;5;5;2;3;4;3;4;4;1;-0,430113051;3,2;4;5;5;3;2;5;5;2;4;4;0,62975344;3,9;1;5;1;2;4;1;1;3;1;1;-1,245983868;2;2;2;2;4;2;3;2;4;2;1;-0,301348662;2,4;5;1;2;5;5;2;5;4;1;1;0,542048875;3,1;4;1;2;2;5;3;2;2;1;3;0,025417006;2,5;1;5;2;4;1;2;1;3;4;1;-0,182266273;2,4;2;1;3;4;3;3;2;2;3;2;-1,110094255;2,5;3;3;1;2;4;3;2;1;2;5;0,169435766;2,6;4;3;3;2;2;5;3;1;2;5;-1,008670233;3;2;2;4;3;3;1;1;2;3;2;-0,959763539;2,3;3;4;4;1;2;3;3;3;3;2;-0,453016009;2,8;3;2;5;5;3;4;1;5;3;2;0,210371315;3,3;5;1;5;5;1;2;5;5;1;2;-0,007701739;3,2;2;2;3;3;5;1;1;1;5;2;0,087128884;2,5;5;1;2;4;5;3;3;1;1;2;0,062830559;2,7;3;1;2;4;5;3;5;5;1;2;1,803663524;3,1;2;3;1;1;5;1;1;1;5;1;-0,065488224;2,1;5;1;1;1;3;3;2;1;1;1;0,626572097;1,9;2;3;1;1;4;1;2;1;1;3;-0,085421596;1,9;4;0;1;2;0;0;4;1;0;0;[1];[1];[1];[1];[7];[4];[7];[7];[8, 4];[3, 7]; ; ; ; ; ; ; ; ; ; ; ;
03.08.2016 15:51;1;27;Deutsch;4;2;4;4;2;4;5;John Butler Ocean;Arctic Monkeys From the Ritz to the Rubble;Deichkind Was' der Anlass;Die Nerven Eine Minute Schweben;Foo Fighters Everlong;La Femme Antitaxi;Metallica Enter Sandman;White Stripes Girl, you have no faith in medicine;The Whitest Boy Alive timebomb;Nirvana Heart Shaped Box;folk;alternative;rap;rock;rock;alternative;heavymetal;rock;alternative;rock;3;5;13;7;7;5;6;7;5;7;5;4;2;2;2;2;3;4;3;2;2;-1,166566515;2,6;5;5;2;5;3;4;5;4;3;4;-0,020548887;4;5;1;5;1;3;3;1;1;4;4;-0,482584799;2,8;5;1;2;2;2;3;3;2;2;2;-1,084702295;2,4;5;3;1;1;4;2;5;2;2;4;-0,863435902;2,9;5;5;3;5;4;4;5;4;2;4;0,939468247;4,1;5;1;4;1;3;1;1;1;3;3;-0,795024559;2,3;5;3;3;2;2;3;3;3;2;3;0,487063535;2,9;1;4;1;4;2;4;2;3;4;1;-0,210796785;2,6;5;2;3;1;3;4;2;3;3;1;0,311358319;2,7;1;1;1;1;1;1;1;1;3;4;-1,629674913;1,5;5;1;3;1;3;2;1;1;4;3;-1,274959738;2,4;1;3;2;3;3;3;3;3;3;3;0,331661499;2,7;5;5;4;4;5;5;5;5;4;3;1,060789972;4,5;5;2;3;3;5;3;2;3;4;3;0,519324107;3,3;5;1;1;1;4;2;1;1;2;4;-1,332975162;2,2;5;3;3;3;4;4;4;4;4;2;0,610373111;3,6;5;1;1;1;4;1;1;1;3;4;-1,162962539;2,2;3;1;1;1;2;1;1;1;1;2;-1,350497697;1,4;3;5;1;3;2;1;4;3;1;4;0,062830559;2,7;1;5;1;5;2;1;5;4;1;4;1,489679545;2,9;1;1;1;1;2;1;1;1;1;4;-1,151214038;1,4;1;1;1;1;1;1;1;1;1;2;-0,792081707;1,1;5;3;1;1;1;1;2;1;1;2;-0,239180469;1,8;8;5;0;0;4;4;6;1;5;0;[1];[5, 7, 6];[9, 2, 6];[1, 5, 7, 9];[2, 1, 7, 9, 8];[1, 6, 2];[1, 5, 7];[1, 2, 5, 7];[1, 2, 6, 7, 9];[1, 9]; ; ; ; ; ; ; ; ; ; ; ;
03.08.2016 15:56;1;35;deutsch;6;3;4;4;5;5;5;Band of horses the funeral;Wagner Lohengrin Ouvertüre;Florence and the machine Shake it out;Guns 'n Roses November Rain;Within Temptation Faster;Queen Breakthru;Depeche Mode Enjoy the Silence;Frauenarzt Das geht ab;Broilers Meine Sache;Sash Stay;alternative;classical;alternative;rock;rock;rock;pop;pop;rock;edm;5;2;5;7;7;7;9;9;7;12;5;3;5;4;4;3;5;3;1;3;2;-0,021804982;3,3;5;5;5;5;5;3;4;5;5;5;1,274031014;4,7;3;5;3;2;2;4;5;1;2;5;0,146873635;3,2;3;5;3;4;3;5;3;1;2;3;0,261824692;3,2;5;5;5;5;5;4;5;3;5;5;1,7365012;4,7;5;4;5;4;5;4;3;5;4;4;1,249183053;4,3;2;3;1;3;1;2;3;1;1;4;-1,095664099;2,1;3;5;3;4;3;4;3;1;2;2;0,644745974;3;2;1;3;2;3;3;4;5;4;4;0,542048875;3,1;1;2;2;1;2;4;2;5;2;3;-0,117553651;2,4;4;4;3;4;2;1;2;1;3;3;0,300203273;2,7;3;5;2;4;2;4;5;1;2;3;-0,120901355;3,1;2;1;2;2;2;2;2;5;2;4;-0,155015701;2,4;3;5;2;3;2;4;4;3;3;4;-0,594778192;3,3;2;5;2;2;2;1;2;1;2;3;-1,107672303;2,2;5;5;3;5;4;2;5;4;5;5;1,746881875;4,3;3;3;3;2;2;4;3;4;3;3;-0,189630481;3;5;5;4;5;4;4;5;3;4;5;1,378611222;4,4;5;3;3;4;3;2;5;1;2;4;1,001982163;3,2;2;5;5;2;4;3;3;3;4;2;0,955685864;3,3;1;1;4;2;4;1;1;3;4;1;0,390735618;2,2;3;2;2;2;1;1;2;1;2;3;-0,375695599;1,9;1;2;1;1;1;1;1;1;1;1;-0,792081707;1,1;1;4;2;2;3;2;2;3;4;2;0,837131642;2,5;9;6;3;8;7;0;5;0;10;3;[1, 9];[1, 9];[1, 7, 5, 4, 3, 2, 9];[1, 9, 4];[2, 3, 4, 5, 9, 10, 1];[5, 1, 9, 2, 3, 4];[1, 4, 5, 7, 9];[7, 5, 4, 2, 9, 10];[5, 9, 7, 4, 2, 1];[5, 9, 4, 1, 2, 7, 10]; ; ; ;All time favourite;100% Energie f�r mich;Queen Lieblingsband, muss dabei sein; ;Ein stumpfer Party-Hit muss mit;Dampf ablassen;und noch was 90er-m__iges, nostalgisches, strandm__iges; ;
03.08.2016 20:42;2;27;deutsch;3;2;2;4;5;5;1;The Pixies Where Is My Mind?;Nirvana Heart-Shaped Box;Hans Zimmer Time;Stone Sour Wicked Game;System Of A Down Roulette;Mazzy Star Fade Into You;Einar Stray Orchestra Chiaroscuro;Puddle Of Mudd Blurry;Queens Of The Stone Age I Never Came;Barfuß Am Klavier - AnnenMayKantereit;alternative;alternative;soundtrack;alternative;alternative;alternative;alternative;alternative;alternative;pop;5;5;11;5;5;5;5;5;5;9;3;4;2;2;3;2;2;4;3;2;2;-1,166566515;2,6;5;4;5;5;5;5;5;4;5;4;1,274031014;4,7;3;3;4;4;5;5;5;3;5;5;1,720519719;4,2;4;2;2;2;2;2;4;3;2;2;-0,916386422;2,5;5;4;5;5;5;5;5;5;5;5;2,0253831;4,9;5;5;5;5;5;2;3;3;2;2;0,320038633;3,7;4;4;5;4;4;5;5;5;5;5;2,662330142;4,6;3;1;2;2;2;2;4;2;2;2;-0,61671354;2,2;2;3;1;2;1;1;1;4;3;1;-1,264780708;1,9;2;1;1;1;1;1;3;2;2;1;-1,404289561;1,5;3;4;5;5;5;5;4;5;5;5;3,355843735;4,6;4;4;5;4;5;5;5;4;5;5;2,352080897;4,6;1;3;3;2;3;3;2;2;3;4;0,169435766;2,6;5;5;5;5;5;5;5;5;5;5;1,75061004;5;5;5;4;5;5;5;5;5;5;5;2,885864339;4,9;3;4;4;3;3;4;4;3;3;3;0,426943145;3,4;5;4;4;4;4;4;4;4;4;4;1,27704277;4,1;4;1;3;3;2;4;2;2;3;3;-0,585332139;2,7;5;3;2;4;2;4;3;3;3;3;1,001982163;3,2;2;1;1;1;1;1;1;1;1;1;-2,318116923;1,1;1;1;1;1;1;1;1;2;1;1;-1,336176266;1,1;3;5;5;4;5;5;4;5;4;4;3,501896595;4,4;1;1;1;1;1;1;1;1;1;1;-0,969413433;1;1;1;1;1;1;1;1;1;1;1;-1,469251454;1;10;0;0;10;0;1;1;0;9;9;[1, 4, 7, 6];[1, 4, 9, 10];[1, 4, 9, 10];[1, 4, 9, 10];[1, 4, 9, 10];[1, 4, 9, 10];[1, 4, 9, 10];[1, 4, 9, 10];[1, 4, 9, 10];[1, 4, 9, 10]; ; ; ; ; ; ; ; ; ; ; ;
03.08.2016 22:33;1;25;Deutsch;3;1;2;4;4;5;5;DJ Mehdi Signatune;N.W.A. Gangsta Gangsta;Dr. Dre Let Me Ride;A Tribe Called Quest The Chase, Pt. 2;Frankie Knuckles Your Love;Daft Punk 909 Revolution;The Jones Girls Nights Over Egypt;J Dilla Won't Do;Steely Dan Black Cow;Outkast Aquemini;edm;rap;rap;rap;edm;edm;soul;rap;jazz;rap;12;13;13;13;12;12;14;13;4;13;4;4;2;4;4;3;4;3;5;5;4;0,795881828;3,8;5;3;5;2;5;5;2;4;2;4;-0,575368845;3,7;2;3;2;4;5;2;5;5;5;4;0,933696677;3,7;4;2;4;3;2;4;4;4;4;4;0,766772312;3,5;4;1;2;3;4;2;4;4;2;4;-0,718994952;3;4;4;3;2;4;4;4;4;2;4;0,010323827;3,5;2;1;3;5;2;2;5;4;5;4;0,708173137;3,3;3;2;3;4;2;3;4;4;5;5;1,433158171;3,5;3;1;1;2;5;5;4;2;2;1;-0,210796785;2,6;3;5;4;4;3;5;4;3;4;2;1,741064886;3,7;4;1;1;1;2;1;1;2;1;3;-1,308028549;1,7;2;4;2;4;3;3;5;5;4;4;0,703426063;3,6;1;3;1;1;4;2;2;1;1;1;-1,290595835;1,7;1;3;2;4;3;3;5;5;4;4;-0,456814179;3,4;1;2;3;4;2;4;5;5;4;5;0,815141636;3,5;4;1;1;1;4;3;2;1;1;3;-1,479635021;2,1;4;5;4;5;4;4;4;4;4;2;1,143708838;4;5;5;4;4;4;3;2;4;1;4;0,454402582;3,6;4;1;1;2;4;2;1;2;1;2;-0,566337744;2;4;4;2;1;3;4;1;1;1;1;-0,681215529;2,2;1;4;2;1;1;1;1;1;1;1;-0,865200298;1,4;2;1;1;1;3;1;1;2;1;2;-0,99611035;1,5;1;1;1;1;1;1;1;1;1;1;-0,969413433;1;3;3;3;1;2;1;1;1;1;1;-0,392939342;1,7;9;8;2;4;4;7;4;6;10;5;[4, 5, 7, 9];[2, 1, 6, 9];[1, 2, 5, 6, 9, 10];[1, 2, 3, 5, 6, 8, 9, 10];[7, 1, 4, 8, 9];[1, 2, 5, 6, 7, 9];[1, 2, 6, 7, 8, 9, 10];[1, 2, 3, 4, 6, 8, 9, 10];[1, 2, 6, 8, 9, 10];[1, 2, 4, 8, 9]; ; ; ; ; ; ; ; ; ; ; ;
04.08.2016 07:51;1;32;deutsch;3;2;4;4;4;3;3;Olli Banjo deine Sprache;Curse Viel leichter;Red Hot Chilli Peppers Under the Bridge;K.I.Z. da geht was;K.I.Z. Boom Boom Boom;Snoop Dogg What's my Name;Nas One Love;Nas one mic;Incubus Drive;Red Hot Chili Peppers - Road Trippin';rap;rap;rock;rap;rap;rap;rap;rap;alternative;alternative;13;13;7;13;13;13;13;13;5;5;3;4;4;4;3;5;2;4;5;4;3;0,795881828;3,8;4;4;4;5;5;4;4;5;5;5;0,904151043;4,5;4;5;5;1;2;2;4;4;5;5;0,933696677;3,7;4;4;4;3;4;2;4;5;4;4;1,271719932;3,8;5;5;4;1;5;2;4;5;5;5;0,869855499;4,1;3;5;4;5;5;4;2;4;4;5;0,939468247;4,1;4;4;4;1;1;2;4;2;5;5;0,557853367;3,2;4;3;4;5;4;2;4;5;4;4;2,063887928;3,9;2;2;2;5;4;5;3;2;2;1;0,090341479;2,8;1;3;3;1;3;5;2;1;2;3;-0,117553651;2,4;5;3;3;1;2;1;3;4;3;3;0,461026456;2,8;2;5;4;1;1;4;3;3;4;5;0,043964129;3,2;3;4;2;3;2;4;1;1;3;3;0,169435766;2,6;3;4;4;5;4;5;3;2;4;5;0,23300589;3,9;2;4;4;1;1;2;4;2;5;5;0,075597813;3;4;4;5;1;1;2;3;2;5;5;0,133623427;3,2;2;4;2;1;1;5;2;2;4;5;-0,456298345;2,8;4;5;5;1;1;5;5;3;5;5;0,800980822;3,9;5;4;4;1;1;1;2;4;4;5;0,871288837;3,1;5;2;4;5;5;3;1;4;2;2;0,955685864;3,3;1;1;1;4;5;1;1;3;2;1;0,076751639;2;4;1;3;1;5;1;3;4;2;3;0,865133903;2,7;1;1;1;1;2;1;1;2;2;1;-0,437418256;1,3;3;1;1;3;5;1;1;4;2;1;0,375855023;2,2;9;0;0;5;0;0;1;3;9;0;[4, 9];[1, 4, 9];[1, 4];[1, 9, 7];[1, 4, 9];[1, 9];[1, 9, 8];[1, 9, 4];[1, 8, 9];[1, 8, 9]; ; ; ; ; ; ; ; ; ; ; ;
04.08.2016 17:30;2;29;deutsch;4;1;1;2;3;4;5;SEEED Dickes B;peter fox schwarz zu blau;Joy Denalane Höchste Zeit;Rammstein Engel;Jack johnson better together;wise guys wir hatten eine gute Zeit;keimzeit kling klang;Metronomy The Look;Pachelbel Kanon in D-Dur;Johann Sebastian Bach Air;pop;pop;soul;heavymetal;blues;pop;folk;edm;classical;classical;9;9;14;6;1;9;3;12;2;2;7;1;3;4;2;3;4;3;3;5;4;-0,185342344;3,2;3;4;4;4;4;4;3;4;4;4;-0,390428859;3,8;1;2;3;2;4;4;4;2;4;4;-0,167855582;3;1;3;3;3;3;3;2;3;5;4;-0,074807055;3;3;3;4;4;4;4;3;2;5;3;0,003209799;3,5;4;4;2;4;4;3;4;4;4;3;0,16518123;3,6;4;2;4;2;5;4;3;2;4;4;0,858492907;3,4;2;3;5;2;4;4;2;2;4;4;0,960110853;3,2;5;3;4;2;4;2;3;5;2;2;0,692618007;3,2;5;1;2;2;4;2;4;4;3;2;0,597299632;2,9;1;5;4;3;3;4;3;2;3;2;0,78267282;3;4;2;4;3;5;4;3;3;3;3;0,373695096;3,4;4;3;1;3;3;2;2;2;1;1;-0,479467168;2,2;4;3;4;2;5;3;4;4;4;4;-0,042922138;3,7;3;2;3;2;5;3;4;2;4;5;0,519324107;3,3;3;4;4;3;5;5;5;4;4;4;1,453562157;4,1;5;3;2;3;4;2;4;4;4;3;0,343705247;3,4;4;4;4;4;4;4;3;4;4;4;0,800980822;3,9;2;1;3;2;5;4;5;2;5;2;0,871288837;3,1;4;3;2;4;3;3;3;4;3;2;0,658067429;3,1;2;3;1;4;1;1;1;1;1;1;-0,551216319;1,6;1;4;3;3;1;4;2;1;3;1;0,244719152;2,3;1;2;2;2;1;1;1;1;1;1;-0,437418256;1,3;2;3;3;2;1;1;1;1;1;1;-0,546698215;1,6;4;2;0;2;0;2;2;1;1;1;[7];[9, 2, 6];[4];[4, 1];[8, 10];[1];[1];[7, 6];[1];[2]; ; ; ; ; ; ; ; ; ; ; ;
06.08.2016 22:27;1;12;Deutsch/Italienisch;3;1;2;2;3;5;5;Action bronson bird on a wire;Yelawolf get the fuck up!;Schoolboy q man of the year;Kanye west so appalled;notorious b.i.g. hypnotize;wiz khalifa black and yellow;wiz khalifa we dem boyz (remix);massive attack psyche (flash treatment);T.I. go get it;Drake & Future Jumpman;rap;rap;rap;rap;rap;rap;rap;alternative;rap;rap;13;13;13;13;13;13;13;5;13;13;2;4;2;4;4;3;3;3;4;3;2;-0,185342344;3,2;4;5;4;4;4;4;4;4;4;4;0,164391099;4,1;2;1;2;2;1;2;3;4;1;1;-1,898866275;1,9;2;2;3;3;3;3;4;4;3;3;-0,074807055;3;1;2;3;3;3;4;4;4;3;2;-0,863435902;2,9;5;5;4;4;3;4;4;2;5;5;0,939468247;4,1;4;1;3;2;3;4;4;4;4;4;0,708173137;3,3;1;1;2;2;2;3;3;4;2;2;-0,61671354;2,2;3;3;3;2;4;4;3;3;3;4;0,692618007;3,2;5;4;4;2;4;5;4;2;3;3;1,598094229;3,6;1;1;1;4;2;1;1;3;1;1;-1,468851731;1,6;4;4;4;2;4;4;4;2;3;3;0,373695096;3,4;2;2;2;2;2;3;3;2;2;3;-0,317241434;2,3;5;4;5;4;4;5;5;4;4;4;0,922825958;4,4;2;1;2;2;2;3;3;5;1;2;-0,959763539;2,3;1;2;4;3;3;3;3;3;3;3;-0,453016009;2,8;5;4;5;4;4;4;4;3;4;4;1,27704277;4,1;1;4;1;5;3;3;2;4;3;1;-0,585332139;2,7;5;1;1;2;2;2;2;4;1;1;-0,435644418;2,1;5;5;4;3;4;4;4;2;5;5;2,146159605;4,1;3;5;2;3;2;2;2;1;5;4;1,489679545;2,9;1;1;1;2;1;1;1;3;1;1;-1,306317726;1,3;1;1;1;1;1;1;1;1;1;1;-0,969413433;1;1;1;1;1;1;1;1;1;1;1;-1,469251454;1;10;0;0;4;3;0;2;0;10;0;[1, 5, 7, 9];[1, 4, 5, 9];[1, 9, 5];[1, 9];[1, 9];[1, 9, 7];[1, 9, 4];[1, 9];[1, 4, 9];[1, 9, 4];Ist super-cool; ; ; ; ; ; ; ; ; ; ;
07.08.2016 15:53;1;33;deutsch;2;2;2;2;4;5;5;Red hot chilli peppers strip my mind;vivaldi four seasons;the white stripes seven nation army;the beatles help;katy perry roar;Deichkind - Remmidemmi;hair party music;the ramones hey ho lets go;carl cox fantasee;Hank Williams Sr. - A Beautiful Home;alternative;classical;alternative;pop;pop;pop;soundtrack;alternative;edm;religious;5;2;5;9;9;9;11;5;12;10;6;4;5;1;4;3;3;2;2;3;2;-0,675954429;2,9;4;4;4;4;2;5;2;5;5;2;-0,575368845;3,7;5;4;1;5;4;1;5;1;2;4;0,146873635;3,2;3;5;1;4;2;3;3;2;3;1;-0,579754675;2,7;4;5;2;3;3;1;3;3;1;4;-0,863435902;2,9;3;3;5;5;5;5;3;5;5;2;0,939468247;4,1;2;3;1;3;3;2;5;1;2;5;-0,193745481;2,7;1;5;2;2;2;1;2;1;1;3;-0,932078419;2;1;1;4;3;4;3;1;3;5;1;-0,210796785;2,6;2;1;2;3;4;1;3;3;3;2;-0,117553651;2,4;4;2;3;3;2;1;3;1;1;3;-0,343089455;2,3;3;2;3;3;4;3;3;1;2;2;-0,945228772;2,6;1;1;5;2;5;3;3;4;3;3;0,8183387;3;4;3;3;5;3;4;5;3;3;5;0,095041876;3,8;3;3;1;2;2;2;5;1;1;5;-0,66394601;2,5;5;1;1;3;4;1;1;3;2;4;-0,892995585;2,5;3;3;2;2;3;3;3;4;4;2;-0,322964413;2,9;3;5;2;5;1;1;4;3;1;5;-0,238753899;3;3;1;1;1;3;1;1;1;1;1;-1,350497697;1,4;1;4;5;1;4;4;2;4;4;2;0,658067429;3,1;1;4;4;1;1;3;1;5;2;1;0,547727608;2,3;4;1;1;1;1;1;2;1;1;2;-0,99611035;1,5;1;3;1;1;1;1;1;1;1;2;-0,437418256;1,3;1;3;4;2;1;3;1;4;3;1;0,529613896;2,3;2;1;2;2;1;1;3;2;1;0;[4];[4, 3, 2, 8, 9];[6, 7];[1];[1];[7];[3];[5];[7];[8]; ; ; ; ; ; ; ; ; ; ; ;
08.08.2016 16:46;1;44;Deutsch;5;1;4;2;5;1;3;Animotion - I Engineer;The RAH Band Clouds Across the Moon;Crystal Waters Gypsy Woman;Everything But the Girl Driving (Acoustic Mix);Sade No Ordinary Love;Cameo Word Up;M People Don't Look Any Further;Massive Attack Unfinished Sympathy;Max Herre Anna;Michael Jackson Beat it;pop;pop;edm;pop;soul;rap;edm;edm;rap;pop;9;9;12;9;14;13;12;12;13;9;4;2;2;1;2;2;2;1;3;3;2;-2,147790687;2;3;3;1;4;4;2;1;3;2;4;-2,424768705;2,7;1;3;1;5;4;1;2;1;1;1;-1,741501667;2;1;2;1;2;2;2;2;3;2;1;-2,094597535;1,8;3;5;2;5;4;1;2;4;4;2;-0,430113051;3,2;1;1;2;2;2;1;2;1;4;2;-2,622252029;1,8;2;3;1;5;4;1;2;1;2;1;-0,945344329;2,2;1;1;1;2;1;2;2;3;1;1;-1,720490615;1,5;1;1;4;1;1;1;4;1;1;4;-1,264780708;1,9;1;1;3;1;1;1;4;1;1;1;-1,404289561;1,5;1;5;1;3;3;1;1;3;2;1;-0,66473582;2,1;1;1;1;3;4;1;1;1;4;1;-2,264152639;1,8;1;1;4;1;1;1;2;1;1;1;-1,777273035;1,4;4;3;4;2;2;1;3;1;2;2;-1,836454315;2,4;4;1;2;1;4;1;1;1;1;1;-1,847216126;1,7;3;3;3;4;4;1;2;1;5;1;-0,599675868;2,7;3;1;4;1;1;1;2;1;1;1;-2,056305528;1,6;5;4;5;2;4;3;3;2;3;2;0,107824341;3,3;5;3;1;2;5;1;1;1;4;1;-0,043564442;2,4;3;1;2;1;1;1;3;3;1;3;-1,127643182;1,9;1;1;1;1;1;2;1;1;1;4;-0,865200298;1,4;1;5;1;4;3;1;1;4;2;1;0,244719152;2,3;1;1;1;1;1;1;1;1;1;1;-0,969413433;1;1;1;1;1;1;3;1;4;1;4;-0,239180469;1,8;6;0;0;5;0;1;3;2;5;0;[4];[4];[4, 7];[4, 1];[1, 4, 8];[1, 7, 8, 9];[1, 7, 6, 9];[1, 9];[1, 9];[9]; ; ; ; ; ; ; ; ; ; ; ;
08.08.2016 18:33;1;73;Deutsch/Iranisch;6;2;3;2;4;3;4;Anne-Sophie Mutter - Concerto For Violin And Strings In F L'autunno;Berliner Philharmoniker eine kleine nachtmusik;Berliner Staatskapelle Symphony No. 5 in C minor;Dubeau Fuori dalla notte;Concierto de Aranjuez: I. Allegro con spirito;Sexteto Mayor ensuenos;Bhavana - A Beautiful Time;Diana Krall Besame Mucho;Oum Kalthoum Anta Oumri;Shahram Nazeri Dar Golestaneh;classical;classical;classical;classical;classical;folk;alternative;blues;classical;classical;2;2;2;2;2;3;5;1;2;2;4;5;5;5;5;4;3;5;3;5;5;1,940643362;4,5;3;5;5;5;4;4;5;2;5;4;0,349331085;4,2;4;3;2;5;3;4;4;4;5;3;0,933696677;3,7;4;5;5;4;4;3;4;2;5;4;1,608351679;4;4;4;4;5;3;5;5;3;5;4;1,01429645;4,2;3;3;5;1;3;4;1;2;2;3;-1,228535399;2,7;5;4;2;4;3;3;5;4;4;3;1,309452215;3,7;5;5;5;4;3;3;4;3;4;4;2,221570367;4;1;2;1;3;2;5;1;3;3;1;-0,813073312;2,2;2;2;2;2;2;3;2;2;1;2;-0,689436278;2;3;3;1;4;2;2;3;4;5;4;0,943496002;3,1;4;4;4;5;4;4;4;4;5;5;1,857484447;4,3;1;1;1;2;2;2;3;3;1;1;-1,290595835;1,7;5;3;3;5;3;4;5;4;4;4;0,370969903;4;5;3;3;4;3;3;5;4;4;3;1,110959165;3,7;3;3;3;4;3;4;3;4;5;3;0,573603004;3,5;3;3;4;3;3;3;2;3;2;2;-0,456298345;2,8;4;3;3;5;3;5;3;4;5;3;0,685454742;3,8;3;3;2;4;3;4;3;4;5;3;1,263368814;3,4;2;3;4;3;3;2;1;2;2;2;-0,383597094;2,4;1;1;3;1;1;1;1;1;1;1;-1,179184277;1,2;3;2;1;3;2;3;3;3;5;4;1,175341279;2,9;1;1;2;2;1;1;1;3;2;2;0,09457692;1,6;1;2;3;1;2;1;1;2;1;1;-0,700457088;1,5;10;4;4;9;6;5;2;6;8;9;[1, 4, 8, 5, 10];[1, 3, 4, 5, 8, 9, 10];[1, 2, 4, 5, 9, 10];[1, 4, 5, 6, 8, 9, 10];[1, 2, 3, 5, 6, 9, 10];[1, 2, 4, 6, 7, 9, 10];[1, 3, 4, 8, 10];[1, 2, 3, 4, 5, 6, 7, 8, 9, 10];[1, 4, 8, 9, 10];[1, 4, 6, 9]; ; ; ; ; ; ; ; ; ; ; ;
09.08.2016 13:20;1;31;deutsch;4;2;3;5;5;2;3;Shostakovich op103 symphony no.11 I;Shostakovich op103 symphony no.11 II;Shostakovich op103 symphony no.11 III;Shostakovich op103 symphony no.11 IV;Dave Matthews & Tim Reynolds when the world ends;Beethoven piano sonata No. 32 Claudio Arrau II;Dream Theater - In The Presence Of Enemies Part 2;Dispatch Elias;Tool - 10000 Days (wings pt. 2);Corrupted El mundo frio;classical;classical;classical;classical;pop;classical;heavymetal;rock;heavymetal;heavymetal;2;2;2;2;9;2;6;7;6;6;4;5;5;5;5;2;5;4;3;3;2;0,95941919;3,9;5;5;5;5;3;5;4;4;4;5;0,904151043;4,5;1;1;1;1;4;3;2;3;2;3;-1,584137058;2,1;5;5;5;5;2;5;3;2;4;3;1,440035805;3,9;5;5;5;5;4;5;3;3;4;4;1,1587374;4,3;5;4;4;5;3;4;2;2;3;4;0,16518123;3,6;1;1;1;1;4;3;2;3;1;4;-1,095664099;2,1;5;5;5;5;1;5;2;2;2;1;1,117793292;3,3;1;1;1;1;1;1;2;4;2;1;-1,867057235;1,5;1;1;1;1;2;2;2;3;2;1;-1,261318905;1,6;3;3;3;5;3;4;2;2;3;4;1,104319184;3,2;2;1;2;1;5;3;2;5;3;1;-1,110094255;2,5;1;1;1;1;2;1;2;2;1;1;-1,939498768;1,3;1;1;1;1;3;2;1;3;2;2;-2,80220241;1,7;1;1;1;1;3;2;1;4;3;4;-1,255581068;2,1;1;2;2;3;3;3;2;3;3;3;-0,892995585;2,5;1;1;2;2;2;3;2;3;3;3;-1,256301936;2,2;3;3;3;4;4;3;3;5;4;4;0,454402582;3,6;2;2;1;1;3;4;1;3;4;2;-0,174257767;2,3;5;5;5;5;2;4;3;2;2;4;1,550922734;3,7;2;3;3;4;1;1;2;1;1;2;0,076751639;2;5;4;4;4;3;3;2;2;3;3;1,79575603;3,3;4;4;4;4;1;1;1;1;1;2;1,335898999;2,3;4;5;5;5;1;2;3;1;1;3;1,605926008;3;10;0;0;5;0;0;0;0;1;0;[1, 4];[1, 4];[1, 4];[1, 4];[1, 4];[1];[1];[1, 9];[1];[1]; ; ; ; ; ; ; ; ; ; ; ;
09.08.2016 16:27;1;25;Deutsch;4;2;4;2;3;4;5;James Blake - Limit to your love;Paul Kalkbrenner - Sky and Sand;Daft Punk - Get Lucky;Moderat - Bad Kingdom;Muse - Madness;Eddie Vedder - Society;The Red Hot Chili Peppers - Can't Stop;Rammstein - Rosenrot;Die Ärzte - Schrei nach Liebe;Macklemore & Ryan Lewis - Thrift Shop;edm;soundtrack;pop;edm;alternative;soundtrack;rock;heavymetal;rock;rap;12;11;9;12;5;11;7;6;7;13;7;5;2;3;4;3;4;3;4;3;2;-0,021804982;3,3;4;4;4;5;5;4;5;5;5;4;0,904151043;4,5;2;1;4;1;4;5;1;1;1;1;-1,584137058;2,1;4;2;3;4;2;2;3;3;2;3;-0,411438802;2,8;5;4;4;2;4;5;2;5;4;3;0,436532649;3,8;4;4;4;5;5;2;4;4;5;5;1,09432565;4,2;4;3;3;2;4;5;1;1;1;2;-0,34406525;2,6;3;2;2;1;2;4;2;3;3;3;-0,143666222;2,5;2;5;5;5;3;1;4;2;4;5;1,294894534;3,6;3;4;5;3;1;1;3;1;3;4;0,454328976;2,8;4;2;2;2;3;4;2;4;1;1;-0,021443091;2,5;5;4;3;4;2;4;3;2;2;3;0,043964129;3,2;1;2;2;2;2;1;2;3;1;2;-1,128370101;1,8;4;4;4;4;4;4;4;3;4;4;0,23300589;3,9;3;2;2;2;2;4;2;2;2;2;-0,959763539;2,3;4;4;4;3;4;5;4;3;1;3;0,573603004;3,5;2;3;4;4;3;2;4;2;5;4;0,210371315;3,3;3;4;2;2;2;4;4;4;3;2;-0,238753899;3;3;2;3;2;1;2;2;1;3;1;-0,566337744;2;2;3;2;4;5;1;4;5;5;3;1,104495082;3,4;1;2;1;2;3;1;3;5;4;2;0,704719597;2,4;4;1;1;3;4;4;1;4;3;1;0,710030215;2,6;1;1;1;1;1;2;1;2;1;1;-0,614749982;1,2;2;1;1;1;2;1;2;3;2;2;-0,392939342;1,7;10;5;2;4;5;2;4;0;10;0;[1, 4, 9];[1, 2, 6, 7, 9];[1, 3, 4, 9];[1, 2, 5, 7, 9];[1, 2, 5, 6, 9];[1, 3, 4, 9];[1, 2, 5, 9];[1, 2, 4, 5, 9];[1, 9, 7];[1, 7, 9, 5]; ; ; ; ; ; ; ; ; ; ; ;
14.08.2016 11:57;2;19;deutsch;3;1;1;5;2;5;4;Al green still in love with you;rick ross purple lamborghini;the temptations my girl;marvin gaye heard it through the grapevine;2pac california love;ramsey lewis slipping into darkness;thriller Michael Jackson;upside down diana ross;mando diao cut the rope;outcast ms. jackson;soul;rap;soul;soul;rap;blues;pop;pop;alternative;rap;14;13;14;14;13;1;9;9;5;13;5;4;3;3;4;3;4;5;3;3;4;0,468807104;3,6;3;5;4;4;5;4;4;4;5;4;0,349331085;4,2;5;1;4;3;2;4;2;4;2;3;-0,167855582;3;3;3;3;4;3;3;5;4;3;4;0,766772312;3,5;4;1;4;5;1;2;3;5;3;2;-0,718994952;3;4;4;4;4;5;3;5;4;5;4;1,09432565;4,2;4;1;3;3;3;3;2;2;1;3;-0,49438502;2,5;3;2;3;3;3;2;3;2;2;1;-0,301348662;2,4;1;4;3;2;5;1;5;5;4;2;0,692618007;3,2;2;1;3;2;2;2;2;2;3;2;-0,546465621;2,1;4;1;2;3;2;3;2;3;1;2;-0,343089455;2,3;3;2;4;3;2;3;3;3;3;3;-0,450632321;2,9;1;2;3;3;3;3;3;4;3;3;0,493887233;2,8;4;3;5;3;4;4;4;4;4;3;0,095041876;3,8;3;1;4;2;2;3;3;3;2;2;-0,66394601;2,5;5;1;5;4;2;3;3;5;2;4;0,426943145;3,4;2;2;3;4;4;3;3;4;4;4;0,210371315;3,3;2;1;5;5;4;4;4;5;3;3;0,454402582;3,6;4;1;3;3;1;2;2;4;1;1;-0,304951093;2,2;1;4;3;4;4;2;4;1;4;1;0,211639776;2,8;1;5;1;2;3;2;1;1;3;1;0,076751639;2;3;1;3;2;1;3;1;1;1;2;-0,530799287;1,8;1;1;1;1;1;1;1;2;1;1;-0,792081707;1,1;1;3;1;1;3;1;1;2;3;3;-0,085421596;1,9;4;0;0;3;1;0;4;0;1;0;[4];[7];[1];[9, 4];[7];[1];[5, 7];[1];[7];[4, 1]; ; ; ; ; ; ; ; ; ; ; ;
17.08.2016 08:04;2;34;Deutsch;5;1;4;1;3;5;4;Vivaldi Vier Jahreszeiten;Eels Beautiful Freak;Muse Plug In Baby;Bob Dylan The Man In Me;Jungle Book The Bare Necessities;Radiohead No Surprises;Bright Eyes First Day of My Life;The Killers For Reasons Unknown;Element of Crime Weißes Papier;Mano Negra Peligro;classical;alternative;alternative;rock;soundtrack;alternative;alternative;rock;rock;alternative;2;5;5;7;11;5;5;7;7;5;4;5;2;2;2;1;4;2;2;3;2;-1,330103877;2,5;5;5;5;2;3;5;3;4;4;4;-0,020548887;4;2;5;1;4;4;5;5;1;5;1;0,304238243;3,3;5;1;1;2;1;2;2;3;2;1;-1,757965788;2;5;4;4;2;5;5;5;4;5;1;0,725414549;4;3;1;5;2;1;1;1;4;2;4;-1,693107609;2,4;2;4;1;4;4;5;5;1;4;3;0,708173137;3,3;5;2;1;2;1;2;1;1;1;2;-1,247443298;1,8;1;1;5;2;5;1;1;5;1;4;-0,210796785;2,6;4;2;1;4;5;2;3;2;1;4;0,454328976;2,8;1;4;1;1;1;4;1;1;5;1;-0,825559002;2;4;5;1;4;4;4;5;2;5;4;1,033157029;3,8;1;4;3;4;5;3;5;3;4;3;1,629467367;3,5;4;5;3;5;5;5;5;4;4;4;0,922825958;4,4;4;5;3;5;5;4;5;2;3;2;1,258867929;3,8;1;5;3;2;1;1;5;4;4;2;-0,453016009;2,8;5;5;5;5;5;4;4;4;2;4;1,543710634;4,3;1;3;4;1;5;1;5;1;4;2;-0,585332139;2,7;1;4;1;4;3;4;5;1;5;1;0,609902186;2,9;3;1;4;1;1;1;1;4;2;3;-0,830024747;2,1;1;1;4;1;1;1;1;1;1;1;-1,022192287;1,3;1;2;1;1;1;3;4;1;4;2;-0,220591912;2;1;1;1;1;1;1;1;1;1;1;-0,969413433;1;1;1;1;1;1;1;1;3;1;1;-1,161733708;1,2;10;3;2;4;0;3;2;1;3;2;[1, 3];[1, 4, 9];[1, 9, 7];[1, 2, 9, 6];[2, 1, 10];[1, 4, 8];[1, 4];[1, 6, 10, 2, 7];[1, 4];[1, 3, 6];vielseitig, zeitlos; ; ; ; ; ; ; ; ; ; ;
18.08.2016 07:41;2;54;Deutsch;2;1;1;1;5;5;1;Matt Simons catch&release;Andreas Bourani Auf Uns;Madcon don't worry;Pink just like fire;Nickelback Photograph;Kungs vs Cookin' On 3 Burners - This Girl;Christina Stürmer Seite an Seite;Shawn Mendes - Treat You Better;Disturbed sound of silence;Chaka Khan ain't nobody;edm;alternative;pop;pop;pop;edm;pop;pop;blues;edm;12;5;9;9;9;12;9;9;1;12;4;2;4;2;2;2;2;3;2;5;5;-0,675954429;2,9;5;4;2;3;3;3;3;2;5;5;-0,945248817;3,5;3;1;2;2;2;1;3;2;5;1;-1,42677245;2,2;1;5;2;2;2;1;3;2;5;5;-0,411438802;2,8;5;5;1;3;3;3;3;3;5;5;0,147650749;3,6;3;5;3;3;1;1;1;1;5;4;-1,228535399;2,7;2;1;1;3;3;3;3;2;5;5;-0,043425711;2,8;1;5;1;2;2;1;2;1;5;2;-0,61671354;2,2;5;5;5;5;4;5;1;4;5;5;2,499447589;4,4;5;5;5;4;3;5;1;2;1;5;1,598094229;3,6;1;1;1;1;1;1;1;1;2;1;-2,272967642;1,1;5;2;1;1;2;1;3;3;5;5;-0,615497805;2,8;2;3;2;2;2;2;2;2;5;1;-0,317241434;2,3;5;5;3;4;3;4;2;2;5;5;0,095041876;3,8;3;4;1;3;2;3;2;2;5;5;0,075597813;3;1;2;1;1;2;1;2;1;5;1;-2,066274457;1,7;5;5;5;4;4;4;2;1;5;5;1,143708838;4;1;1;1;1;1;1;1;1;5;5;-1,62506686;1,8;1;1;1;1;1;1;3;1;4;5;-0,69703107;1,9;1;4;1;1;1;1;1;1;1;1;-2,020498488;1,3;1;1;1;1;1;1;1;1;1;1;-1,493168256;1;1;1;1;1;1;1;4;1;1;1;-1,306317726;1,3;1;1;1;1;1;1;1;1;1;1;-0,969413433;1;1;1;1;1;1;1;1;1;1;1;-1,469251454;1;1;0;0;0;0;1;5;0;3;0;[7];[7];[7];[6];[1];[7];[9];[9];[9];[7]; ; ; ; ; ; ; ; ; ; ; ;
18.08.2016 09:10;1;63;deutsch;3;1;2;4;4;2;4;J.J Cale Call Me The Breeze;RL Burnside - Walkin' Blues;alan hawkshaw beat me up till im blue;The Meters Ease Back;Los Africanos - It's Your Thing;Can Oh Yeah;Led Zeppelin Stairway to heaven;Bruce Springsteen Thunder Road;Sportfreunde Stiller ein Kompliment;Suzi Quatro too Big;blues;blues;soundtrack;rock;rock;rock;rock;rock;alternative;rock;1;1;11;7;7;7;7;7;5;7;4;3;3;5;3;3;3;5;3;2;3;-0,021804982;3,3;2;4;5;3;3;4;5;2;3;4;-0,945248817;3,5;4;2;2;4;4;2;3;4;3;2;-0,167855582;3;3;2;4;3;2;4;5;2;2;3;-0,074807055;3;3;2;3;3;2;2;4;2;3;3;-1,152317802;2,7;3;4;5;5;5;3;4;2;3;4;0,474896037;3,8;4;1;1;3;2;1;1;3;1;2;-1,396303638;1,9;3;1;3;2;3;3;3;2;2;2;-0,301348662;2,4;3;2;3;3;4;2;2;1;3;4;-0,060227653;2,7;3;2;2;3;3;1;1;2;2;3;-0,403494964;2,2;1;3;2;2;1;2;3;3;2;2;-0,66473582;2,1;5;2;3;3;3;2;2;2;3;1;-0,945228772;2,6;3;3;2;2;2;1;3;3;5;1;0,007210033;2,5;4;3;4;4;4;2;4;3;3;3;-0,456814179;3,4;4;1;3;4;2;2;1;4;2;2;-0,66394601;2,5;2;2;3;5;3;3;5;3;3;4;0,280283286;3,3;2;2;3;2;5;2;2;2;3;3;-0,722966209;2,6;3;4;5;4;4;3;2;3;1;2;-0,123227819;3,1;1;1;2;1;1;1;1;1;3;1;-1,481191023;1,3;3;3;3;2;4;2;3;2;1;4;0,062830559;2,7;1;2;2;1;3;2;2;1;2;2;-0,23723234;1,8;1;1;1;1;1;1;1;2;2;1;-1,461421414;1,2;1;2;1;1;1;3;1;3;2;1;0,09457692;1,6;1;3;3;2;1;3;3;2;1;3;0,375855023;2,2;10;0;0;1;0;2;0;0;0;0;[1];[1];[6, 4, 1];[1];[1, 6];[1];[1];[1];[1];[1]; ; ; ; ; ; ; ; ; ; ; ;
23.08.2016 16:34;1;31;deutsch;4;2;5;4;1;2;4;Joss Stone - Then You Can Tell Me Goodbye;Prinz Pi du bist;Shiml meine geschichte;Youth Daughter;Paper Lions Travelling;Everlast Black Jesus;Alpa Gun - DAS NEUE BERLIN;Million Stylez Miss Fatty;Joe Cocker - With A Little Help From My Friends;Bob Marley Buffalo Soldier;pop;rap;rap;alternative;alternative;rock;rap;soul;rock;soul;9;13;13;5;5;7;13;14;7;14;5;2;2;2;4;3;3;2;2;2;3;-1,330103877;2,5;4;2;4;4;3;3;3;4;5;5;-0,575368845;3,7;5;3;1;5;3;1;1;2;5;5;-0,010490974;3,1;1;3;3;3;3;2;1;2;4;4;-0,748070548;2,6;5;3;1;4;4;3;1;2;5;4;-0,430113051;3,2;3;1;5;4;5;3;3;4;3;5;0,16518123;3,6;5;2;1;4;5;1;1;1;3;5;-0,043425711;2,8;3;3;4;3;5;2;3;2;4;4;1,117793292;3,3;1;1;3;1;4;1;1;5;1;3;-0,963642444;2,1;2;1;2;2;3;2;1;3;1;2;-0,832406935;1,9;4;3;4;4;2;1;1;2;3;4;0,461026456;2,8;5;2;3;4;3;3;2;3;3;3;-0,120901355;3,1;2;1;3;3;4;2;4;3;2;3;0,331661499;2,7;3;4;2;5;3;3;4;4;4;3;-0,318850165;3,5;3;3;2;3;2;3;3;1;2;4;-0,516037245;2,6;4;3;1;4;3;2;3;3;5;5;0,280283286;3,3;1;3;1;4;3;3;2;1;3;4;-0,856300141;2,5;3;4;1;1;3;4;3;1;5;5;-0,238753899;3;3;2;1;2;2;1;2;1;1;2;-0,958417721;1,7;1;2;4;3;3;3;4;4;3;3;0,509258211;3;1;3;5;2;2;3;4;1;1;1;0,547727608;2,3;5;3;3;1;2;1;3;1;1;1;-0,065488224;2,1;1;3;3;2;1;3;1;1;3;4;1,158567273;2,2;1;2;2;4;1;3;3;3;1;4;0,683372769;2,4;2;0;0;3;0;1;3;1;0;0;[4];[4];[7];[4];[6];[1];[7];[7];[1];[8]; ; ; ; ; ; ; ; ; ; ; ;
25.08.2016 12:04;1;43;deutsch;2;1;2;4;3;1;5;Nirvana smells like teen spirit;ramones sheena is a punk rocker;Patti Smith Gloria;Sex pistols Anarchy in the UK;Frei.Wild - Weil Du mich nur verarscht hast;Betontod flügel aus stahl;Die toten hosen Was zählt;Krawallbrüder Blut und tinte;Beatles let it be;Elton John;alternative;rock;rock;rock;rock;rock;rock;rock;rock;rock;5;7;7;7;7;7;7;7;7;7;2;3;3;4;3;3;4;2;3;5;3;-0,021804982;3,3;4;3;2;5;3;5;3;2;5;3;-0,945248817;3,5;3;3;4;1;2;1;1;3;5;5;-0,482584799;2,8;3;2;3;2;2;3;2;4;2;3;-0,748070548;2,6;3;1;3;3;3;3;2;3;4;2;-1,152317802;2,7;4;3;2;5;3;5;4;2;2;4;-0,144533576;3,4;2;1;4;1;3;1;1;1;5;3;-0,945344329;2,2;3;2;3;2;3;1;3;1;5;4;0,171698656;2,7;4;3;1;3;3;3;2;2;1;1;-0,66250418;2,3;1;1;2;2;2;1;2;1;2;2;-1,261318905;1,6;2;1;1;1;1;2;3;2;4;3;-0,825559002;2;3;2;2;2;3;2;3;3;2;3;-1,110094255;2,5;2;3;3;3;3;3;3;2;1;4;0,331661499;2,7;5;4;4;5;3;4;2;3;3;3;-0,180886151;3,6;3;1;3;1;2;1;2;2;4;4;-0,959763539;2,3;3;3;4;3;3;1;1;3;3;2;-0,746335726;2,6;3;3;2;3;3;2;1;3;3;3;-0,722966209;2,6;3;2;3;2;1;1;1;4;4;2;-1,047436459;2,3;1;1;2;1;2;2;2;2;2;2;-0,958417721;1,7;4;4;2;5;3;4;2;4;2;3;0,955685864;3,3;5;3;1;5;2;3;3;3;1;1;1,175695566;2,7;3;1;3;1;2;1;4;4;4;2;0,554926527;2,5;1;2;1;1;2;2;3;1;3;3;0,626572097;1,9;3;3;1;1;2;3;1;1;3;3;0,22209615;2,1;8;0;0;0;0;0;3;0;0;0;[7];[7];[1];[1];[1];[1, 7];[1];[1];[1];[1]; ; ; ; ; ; ; ; ; ; ; ;
25.08.2016 16:11;1;26;deutsch;2;1;1;2;1;5;5;Victor Ruiz Jaws;Carl Cox - Dirty bass ;Hatzler Skyt;CocoRosie - Smokey Taboo;Sigur Rós - Sæglópur;Beirut Elephant gun;The Arcade Fire - Rebellion (Lies);Radiohead - Creep;Bedrich Smetana;Kronos Quartet the beatitudes;edm;edm;edm;alternative;alternative;alternative;alternative;alternative;classical;classical;12;12;12;5;5;5;5;5;2;2;3;3;3;4;3;5;5;3;2;5;4;0,632344466;3,7;5;5;5;3;4;4;4;5;5;4;0,719211057;4,4;1;1;3;5;5;5;4;1;5;5;0,61896746;3,5;3;3;3;2;5;3;3;2;5;3;0,261824692;3,2;1;1;3;5;5;4;2;2;2;3;-1,007876852;2,8;5;5;5;2;5;3;2;4;3;5;0,62975344;3,9;1;1;1;5;3;5;3;1;4;3;-0,193745481;2,7;1;2;2;5;3;2;2;2;2;4;-0,143666222;2,5;5;5;5;1;1;1;2;3;5;1;0,240910611;2,9;1;1;1;1;1;1;2;1;1;1;-1,976172188;1,1;2;2;2;5;3;4;3;2;4;4;0,943496002;3,1;4;2;3;5;4;4;3;2;3;2;0,043964129;3,2;3;3;2;3;1;4;4;2;1;1;-0,155015701;2,4;4;2;5;5;5;4;2;3;3;4;-0,042922138;3,7;1;1;1;5;5;5;3;1;5;5;0,371415342;3,2;2;3;3;2;4;3;3;1;4;3;-0,453016009;2,8;4;4;1;2;2;2;1;1;2;1;-1,5229698;2;3;1;1;2;1;1;1;2;5;3;-1,394014699;2;2;1;1;2;3;1;1;1;1;3;-1,089111046;1,6;2;1;5;3;4;1;3;5;1;3;0,211639776;2,8;4;5;3;1;1;1;1;5;1;2;0,704719597;2,4;1;1;1;4;5;5;4;1;4;4;1,330444966;3;4;3;4;4;1;1;1;3;4;5;2,577221078;3;5;5;5;2;5;3;3;2;2;4;2,528479246;3,6;0;0;0;4;0;0;3;0;3;0;[7];[7];[7];[4];[4];[9];[9];[9];[4];[4]; ; ; ; ; ; ; ; ; ; ; ;
27.08.2016 12:04;1;30;Deutsch;5;2;3;4;4;4;3;kendrick lamar alright;Ceza med cezir;Jay Z Kanye West Niggas in Paris;joy denalane keine religion;Looptroop rockers sweep me away;The Roots tomorrow;Sido Liebe;schoolboy q man of the year;Denzel Curry Ultimate;Fuat okyanuslar;rap;rap;rap;pop;rap;blues;rap;rap;rap;rap;13;13;13;9;13;1;13;13;13;13;3;3;4;3;3;3;4;2;4;3;4;-0,021804982;3,3;5;4;5;4;3;4;3;5;5;4;0,349331085;4,2;1;4;1;5;3;4;3;2;1;4;-0,482584799;2,8;4;4;3;3;3;3;2;4;4;4;0,598456439;3,4;4;4;3;5;3;4;4;4;4;4;0,580973599;3,9;3;2;2;3;3;2;3;5;5;3;-0,609105786;3,1;2;3;1;3;3;3;3;2;1;3;-0,64470479;2,4;3;3;2;2;3;3;2;3;2;4;0,171698656;2,7;5;2;5;1;3;3;3;4;3;1;0,391479743;3;3;1;4;3;2;1;4;4;3;1;0,168387662;2,6;3;3;1;2;4;3;2;1;1;3;-0,343089455;2,3;5;4;2;4;5;5;5;3;1;3;0,868291546;3,7;2;1;3;3;4;3;3;2;2;1;-0,155015701;2,4;5;3;4;4;4;4;4;4;3;3;0,095041876;3,8;3;2;2;4;4;4;4;2;1;3;-0,072310952;2,9;2;4;2;5;4;4;3;2;1;2;-0,30635615;2,9;3;2;4;3;2;3;4;4;3;2;-0,189630481;3;3;5;3;4;4;4;4;3;3;2;0,338876502;3,5;2;4;1;5;5;5;5;3;1;2;1,132675488;3,3;3;2;5;2;3;3;3;4;5;3;0,955685864;3,3;3;1;3;1;2;3;1;3;5;3;0,861711587;2,5;2;3;1;2;3;3;1;2;1;3;-0,065488224;2,1;1;2;1;1;2;2;1;2;2;3;0,271908646;1,7;3;2;3;1;1;1;1;3;4;3;0,375855023;2,2;5;0;0;8;1;4;3;3;3;0;[6, 7];[1, 9, 4];[6, 7, 5, 9];[4, 8];[4, 8];[4, 8];[1, 4];[1, 4, 6, 7];[1, 4, 6];[1, 4, 9]; ; ; ; ; ; ; ; ; ; ; ;
30.08.2016 16:39;1;32;Deutsch;4;3;5;3;4;4;5;Billy Idol - Flesh for fantasy;Cliff Martinez - Rubber Head;Mobb Deep Never goin' back;Massive attack girl I love you;Schoolboy q man of the year;Young Thug best friend;Vybz Kartel Buss my gun;SAMI feat. Be & Usta - Gehört mir;Young Jeezy Holy Ghost;Dr. Dre Still D.R.E;rock;soundtrack;rap;edm;rap;rap;rap;rap;rap;rap;7;11;13;12;13;13;13;13;13;13;4;4;4;5;5;4;5;3;5;5;4;1,777106;4,4;4;5;5;5;5;5;5;4;5;3;1,089091028;4,6;4;5;5;5;3;5;1;4;4;5;1,563155111;4,1;4;4;5;5;4;5;4;5;4;4;2,281615172;4,4;4;3;4;4;2;2;1;3;4;2;-0,863435902;2,9;4;2;4;5;4;3;4;4;5;3;0,474896037;3,8;3;5;4;3;3;5;1;4;3;4;1,008812676;3,5;3;4;4;4;3;3;3;5;4;3;1,59084061;3,6;4;1;3;4;5;4;3;4;3;5;1,294894534;3,6;4;2;3;2;5;2;1;3;1;3;0,168387662;2,6;1;2;4;2;1;3;1;3;3;4;-0,182266273;2,4;4;4;4;4;4;3;3;3;3;4;0,703426063;3,6;2;3;2;2;3;3;2;1;2;2;-0,479467168;2,2;5;5;5;5;5;5;4;5;5;5;1,612646026;4,9;5;4;4;3;4;4;1;4;4;3;0,9630504;3,6;4;4;5;4;5;4;2;5;4;4;1,453562157;4,1;4;4;4;4;5;3;2;5;4;4;1,010374906;3,9;5;4;5;4;5;4;2;5;4;5;1,263085142;4,3;5;4;5;4;5;3;2;5;4;5;2,308915418;4,2;4;3;4;4;4;3;5;4;4;3;1,699731952;3,8;1;1;1;4;3;3;5;2;3;2;0,861711587;2,5;3;2;4;3;2;3;1;2;3;1;0,39982284;2,4;1;2;3;2;1;3;2;2;3;1;0,803903822;2;1;2;3;2;2;3;4;2;3;2;0,683372769;2,4;10;6;5;10;5;3;1;5;9;3;[1, 4, 8];[1, 3, 2, 4, 8, 9, 10];[1, 4, 8, 9];[1, 2, 4, 5, 8, 9];[1, 2, 3, 4, 5, 6, 7, 9, 10];[1, 3, 2, 4, 5, 6, 8, 9, 10];[1, 5, 4, 9];[1, 2, 3, 4, 6, 9];[1, 2, 3, 4, 5, 9];[1, 4, 9];Erstes Lieblingslied als Kind; ;Erinnert mich an fr�her;Erinnert mich an meinen Bruder;Meistgeh_rter Track;Track kann ich immer h_ren;Agressives Lied um auf der Insel Essen zu beschaffen;Lied meiner Freunde;Ein all time favorite;Ein all time Favorite; ;
30.08.2016 18:28;2;71;Deutsch;5;2;2;1;5;1;3;La paloma;Beatles Norwegian wood;Billy Idol Eyes without a face;Supertramp don't leave me now;Adele don't you remember;Ice house hey little girl;Zarah Leander der wind hat mir ein Lied erzählt;Roxy Music Jealous guy;the chieftains Women from ireland;Whitney Houston I will always love you;folk;pop;pop;pop;pop;pop;soundtrack;pop;folk;pop;3;9;9;9;9;9;11;9;3;9;3;4;2;3;5;4;3;4;4;5;4;0,795881828;3,8;5;4;4;5;5;4;4;4;5;5;0,904151043;4,5;3;3;4;4;4;4;2;3;4;4;0,61896746;3,5;2;3;2;4;3;2;2;2;3;3;-0,748070548;2,6;5;4;5;5;5;4;4;4;5;5;1,59206025;4,6;3;2;5;5;4;3;3;4;3;3;0,010323827;3,5;2;3;2;3;4;4;2;3;3;3;0,106894058;2,9;1;2;2;4;3;2;2;3;2;2;-0,459031101;2,3;3;1;4;5;5;5;2;5;1;2;0,843187139;3,3;1;4;3;2;2;4;1;2;2;1;-0,403494964;2,2;5;1;4;5;5;1;4;4;4;5;2,069258278;3,8;3;2;4;3;3;3;3;2;4;4;-0,120901355;3,1;3;4;2;1;2;3;3;1;2;2;-0,317241434;2,3;3;4;4;1;4;4;3;3;4;3;-0,594778192;3,3;2;3;2;1;3;3;3;2;4;2;-0,66394601;2,5;5;4;4;4;5;3;4;3;4;4;1,306902298;4;2;3;2;2;3;3;2;2;3;1;-1,122968004;2,3;5;5;5;5;5;4;5;4;5;2;1,494137302;4,5;4;2;4;4;4;2;4;3;3;2;1,001982163;3,2;2;2;2;4;4;2;2;2;2;2;-0,383597094;2,4;1;1;2;2;1;1;1;1;1;1;-1,179184277;1,2;5;2;2;5;3;2;4;3;3;5;1,950859718;3,4;1;1;1;3;1;1;1;1;1;1;-0,614749982;1,2;1;1;3;4;2;1;1;2;1;2;-0,239180469;1,8;6;0;0;10;0;1;5;2;10;0;[4, 9];[1, 4, 8, 9];[1, 4, 7, 9];[4, 7, 9];[1, 4, 7, 9];[1, 4, 6, 7, 9];[4, 9];[1, 4, 7, 8, 9];[1, 4, 9];[4, 9]; ; ; ; ; ; ; ; ; ; ; ;
01.09.2016 16:14;1;63;deutsch;3;1;3;1;5;2;1;Guns n Roses November rain;bee gees Tragedy;Elvis Presley Love me tender;doc watson tom dooley;doc watson deep river blues;pink floyd wish you where here;clint mansell tree of life;Serge Gainsbourg Danger;Yusef Lateef Back home;muddy waters baby please dont go;rock;rock;folk;folk;folk;rock;soundtrack;rock;jazz;blues;7;7;3;3;3;7;11;7;4;1;5;3;3;2;4;4;5;5;3;5;4;0,795881828;3,8;5;4;3;3;3;4;5;2;4;4;-0,575368845;3,7;4;2;5;3;4;3;1;4;2;3;-0,010490974;3,1;4;3;1;2;4;5;3;2;5;2;0,093508819;3,1;4;2;4;1;3;4;3;3;2;1;-1,152317802;2,7;4;4;3;3;2;2;5;2;3;3;-0,609105786;3,1;2;2;4;3;4;2;1;1;2;2;-0,795024559;2,3;2;2;1;1;2;3;3;3;5;2;-0,301348662;2,4;1;3;1;1;1;2;1;1;1;2;-2,017626367;1,4;1;2;1;2;3;1;1;2;2;2;-1,118348248;1,7;3;3;3;2;3;4;3;2;3;3;0,621849638;2,9;2;3;2;3;3;3;3;1;2;3;-1,110094255;2,5;1;3;5;4;3;3;4;2;1;2;0,493887233;2,8;4;3;4;4;5;4;2;4;3;4;-0,042922138;3,7;3;1;3;3;4;5;1;1;2;3;-0,516037245;2,6;3;2;3;4;2;4;2;2;1;3;-0,746335726;2,6;3;3;4;2;2;1;1;1;2;2;-1,389635868;2,1;3;3;4;5;5;2;1;4;4;5;0,454402582;3,6;4;1;5;1;1;4;1;2;1;2;-0,304951093;2,2;2;1;1;1;1;1;4;2;4;2;-1,127643182;1,9;1;1;1;1;1;1;3;2;3;2;-0,551216319;1,6;2;2;3;1;1;5;1;2;1;1;-0,375695599;1,9;1;1;1;1;1;1;4;2;3;1;0,09457692;1,6;1;1;1;1;2;1;4;3;3;2;-0,085421596;1,9;5;1;0;3;0;0;0;4;1;0;[4, 2];[1];[8];[8];[1, 8];[4];[4, 8, 9];[1];[1];[1]; ; ; ; ; ; ; ; ; ; ; ;
01.09.2016 16:40;2;62;Deutschland;1;1;1;1;3;5;5;Bernd Clüver - Der Junge mit den Mundharmonika;Rudi Carrell - Wann wird's mal wieder richtig Sommer;Abba Waterloo;Michael Holm Tränen lügen nicht;Marlene Dietrich Sag mir wo die Blumen sind;Peter Alexander Schneewalzer;Trude Herr Ich will keine Schokolade;Schürzenjäger Sierra Madre;Seiler und Speer Ham Kummst;Helene Fischer Atemlos;country;country;pop;country;country;country;country;country;pop;pop;8;8;9;8;8;8;8;8;9;9;2;2;3;3;2;2;2;3;3;3;3;-1,166566515;2,6;3;3;5;2;3;3;5;5;3;4;-0,760308831;3,6;5;3;1;5;5;3;2;4;3;1;0,146873635;3,2;2;3;4;2;1;3;2;3;4;4;-0,411438802;2,8;4;3;2;5;4;2;5;4;2;4;0,003209799;3,5;2;4;5;2;1;2;4;4;4;4;-0,454248383;3,2;3;2;1;5;2;4;2;4;2;1;-0,34406525;2,6;2;1;1;2;1;1;2;3;1;2;-1,562808176;1,6;1;2;5;1;1;1;3;1;2;4;-0,963642444;2,1;3;3;5;1;1;3;4;1;2;3;0,168387662;2,6;3;2;1;5;4;2;4;2;3;2;0,461026456;2,8;3;4;3;4;5;4;3;4;3;4;0,868291546;3,7;3;4;1;5;3;4;2;4;3;2;0,980564433;3,1;4;5;3;4;3;4;4;4;4;3;0,095041876;3,8;5;3;4;4;3;3;4;4;2;1;0,519324107;3,3;2;5;3;4;4;4;4;4;2;2;0,426943145;3,4;1;4;2;2;2;4;3;4;3;1;-0,722966209;2,6;4;3;5;3;3;5;5;2;1;1;-0,007701739;3,2;3;1;3;3;5;1;5;1;2;4;0,47920886;2,8;3;1;5;1;1;3;3;1;3;3;-0,383597094;2,4;1;1;1;1;1;1;1;1;2;1;-1,336176266;1,1;2;1;1;5;4;1;1;2;1;2;-0,220591912;2;1;1;1;1;1;1;1;1;1;2;-0,792081707;1,1;1;1;4;1;1;1;1;2;1;1;-0,854215961;1,4;0;10;0;0;0;0;0;0;1;0;[2];[2];[2];[2];[2];[2];[2];[2, 9];[2];[2];Lied nicht gefunden; ; ; ; ; ; ; ; ; ; ;
01.09.2016 23:12;1;25;Deutsch;2;3;3;4;3;5;1;Charles Bradley - The world is going up in flames;Eminem - Who knew;Dire Straits - Sultan of Swing;Disclosure - You and Me (Flume Remix);Beethoven 9th Symphony;Eric Clapton - Cocaine;System of a Down - Toxicity;Red Hot Chilli Peppers - Dark Necessities;Absolute Beginner - Füchse;Action Bronson - Easy Rider;jazz;rap;rock;edm;classical;blues;heavymetal;rock;rap;rap;4;13;7;12;2;1;6;7;13;13;7;4;4;5;4;5;4;4;5;4;5;1,777106;4,4;5;5;3;5;5;4;5;3;3;5;0,534271071;4,3;5;1;4;3;5;3;1;2;1;3;-0,482584799;2,8;4;3;5;3;5;4;4;4;4;3;1,440035805;3,9;5;4;3;4;5;3;5;4;5;3;0,869855499;4,1;2;3;1;3;5;4;4;3;4;3;-0,454248383;3,2;4;1;4;3;5;3;1;4;3;3;0,407533598;3,1;3;3;2;1;5;2;2;3;2;3;0,014016217;2,6;4;3;4;4;1;4;1;4;4;2;0,542048875;3,1;1;1;4;3;5;4;2;4;4;3;0,883240946;3,1;4;1;1;1;5;2;1;1;1;2;-0,986382184;1,9;5;1;4;3;5;4;1;4;4;3;0,373695096;3,4;1;1;1;2;1;1;1;1;1;1;-2,263950235;1,1;2;3;3;3;3;3;3;4;4;3;-0,870706219;3,1;3;1;3;2;4;3;1;2;2;3;-0,811854774;2,4;1;1;4;1;3;1;1;1;4;2;-1,772954739;1,9;4;4;4;4;4;4;4;4;5;4;1,27704277;4,1;2;1;3;1;4;1;3;1;5;1;-1,162962539;2,2;3;1;1;1;1;1;1;1;5;1;-1,089111046;1,6;3;2;1;1;3;2;4;3;3;1;-0,532406312;2,3;1;3;1;1;2;1;5;2;1;1;-0,23723234;1,8;1;1;1;1;3;1;1;1;1;1;-1,461421414;1,2;1;1;1;1;4;1;1;1;1;1;-0,437418256;1,3;1;1;1;1;4;1;1;1;1;1;-1,007974835;1,3;9;8;3;2;6;8;8;1;7;1;[6, 7, 1];[1, 2, 5, 6, 7];[1, 2, 6, 9, 3];[7, 6, 1, 2, 5, 9];[4, 8];[1, 2, 3, 6, 7, 9];[1, 2, 7, 5, 9];[1, 2, 3, 5, 7, 6, 9];[1, 2, 4, 5, 6, 7, 9, 10];[1, 2, 5, 6, 7, 9]; ; ; ; ; ; ; ; ; ; ; ;
02.09.2016 09:45;2;28;deutsch;4;1;4;4;2;2;5;the coasters down in mexico;cat stevens my lady d'arbanville;Peggy lee fever;Bob dylan when the ship comes in;Eloquent & Wun Two - Jazz Auf Gleich;Cypress Hill I wanna get high;Chemical Brothers galvanize;Adonai - Ennio Morricone;Lulu feelin' alright;Deichkind bon voyage;rock;folk;jazz;folk;rap;rap;edm;soundtrack;soul;rap;7;3;4;3;13;13;12;11;14;13;7;3;4;4;3;2;2;4;4;4;2;-0,185342344;3,2;5;4;5;3;3;3;5;5;5;4;0,349331085;4,2;3;5;5;4;1;3;2;4;3;3;0,304238243;3,3;2;3;3;2;1;1;3;3;4;3;-0,916386422;2,5;4;4;4;4;2;2;2;4;5;1;-0,430113051;3,2;4;1;3;2;2;4;5;2;4;5;-0,454248383;3,2;2;3;4;5;4;3;1;3;1;1;-0,193745481;2,7;1;2;3;4;3;1;2;4;2;2;-0,301348662;2,4;2;1;1;1;1;2;5;1;3;5;-0,813073312;2,2;1;1;2;2;1;1;1;1;2;3;-1,404289561;1,5;3;4;4;4;2;1;1;2;4;1;0,139380091;2,6;3;3;3;3;2;2;2;3;3;3;-0,780363288;2,7;2;4;3;3;5;5;3;1;3;3;1,142790166;3,2;3;4;4;4;3;4;4;4;4;4;0,095041876;3,8;2;4;4;2;3;2;1;4;2;1;-0,66394601;2,5;4;5;3;3;1;1;2;3;4;2;-0,453016009;2,8;2;1;1;2;1;1;3;2;2;4;-1,656303732;1,9;3;1;2;5;1;2;1;3;2;1;-1,278488619;2,1;1;3;3;2;1;1;1;1;3;1;-0,958417721;1,7;2;1;1;3;1;3;5;3;3;5;0,062830559;2,7;2;1;1;1;2;1;4;1;1;4;-0,23723234;1,8;3;4;4;3;1;1;1;3;2;1;0,244719152;2,3;1;1;1;1;1;1;1;1;2;1;-0,792081707;1,1;1;2;2;2;2;4;5;1;3;5;1,144649388;2,7;10;0;0;0;0;0;0;0;0;0;[1];[1];[1];[1];[1];[1];[1];[1];[1];[1]; ; ; ; ; ; ; ; ; ; ; ;
02.09.2016 12:17;2;31;deutsch;4;1;3;4;1;4;5;Red hot chili peppers californication;Bon Jovi Its my life;50 Cent Disco inferno;Eminem the real slim shady;Afroman crazy rap;DJ Fresh Gold Dust;Mary J Blige Family affair;Chic la Freak;House of pain Jump around;Beastie Boys fight for your right;alternative;rock;rap;rap;rap;edm;rap;edm;rap;rap;5;7;13;13;13;12;13;12;13;13;4;4;2;3;4;2;4;2;3;2;4;-0,512417067;3;4;3;4;4;3;5;3;4;4;5;-0,205488873;3,9;3;2;1;2;4;1;5;3;3;3;-0,639949408;2,7;5;2;2;1;2;3;2;4;1;5;-0,579754675;2,7;3;3;1;2;1;1;3;1;2;2;-2,307845403;1,9;3;3;4;3;5;4;4;5;5;5;0,939468247;4,1;2;3;2;1;5;1;2;2;1;1;-1,245983868;2;3;1;1;2;2;1;3;1;2;3;-1,089760858;1,9;2;3;4;3;3;5;2;5;5;5;1,445463666;3,7;2;2;2;2;3;3;1;2;1;2;-0,689436278;2;3;2;1;1;5;1;4;1;2;3;-0,343089455;2,3;3;3;3;3;5;3;3;2;3;3;-0,120901355;3,1;3;3;3;3;5;2;2;3;3;1;0,493887233;2,8;3;3;3;3;3;4;3;3;3;3;-0,870706219;3,1;2;4;1;4;4;1;4;2;1;1;-0,811854774;2,4;3;2;2;1;3;4;2;2;2;4;-0,892995585;2,5;2;2;4;3;2;2;4;2;3;5;-0,322964413;2,9;1;3;1;2;1;3;1;3;4;2;-1,278488619;2,1;1;1;1;1;1;4;1;3;1;3;-0,958417721;1,7;2;2;3;3;1;4;2;4;5;4;0,509258211;3;1;2;2;3;1;5;1;1;4;5;0,861711587;2,5;2;3;1;2;1;1;1;1;1;1;-1,151214038;1,4;3;2;1;1;1;2;1;2;1;1;-0,082754805;1,5;2;3;2;1;3;5;3;1;5;5;1,605926008;3;2;0;0;0;0;0;8;0;0;0;[1];[1];[7];[7];[7];[7];[7];[7];[7];[7]; ; ; ; ; ; ; ; ; ; ; ;
05.09.2016 20:33;2;24;Deutsch;4;3;5;4;5;5;3;PJ Harvey Silence;David Gray Birds without wings;Arvo Pärt - Fratres;Radiohead Weird fishes;David August Epikur;Hilight Tribe - Free tibet;Everlast I can't move;Agnes Obel Fuel to fire;Neil Young Old man;Maceo Plex Solitary daze;alternative;alternative;classical;alternative;edm;edm;alternative;classical;rock;edm;5;5;2;5;12;12;5;2;7;12;4;4;4;5;4;4;3;3;3;3;3;0,468807104;3,6;5;5;5;5;5;5;4;5;5;5;1,643910986;4,9;4;5;4;4;4;2;4;5;4;2;1,091061285;3,8;2;4;4;3;2;2;2;2;2;2;-0,916386422;2,5;5;5;5;5;4;4;5;5;5;4;1,7365012;4,7;4;4;4;4;2;5;3;3;2;4;0,010323827;3,5;5;4;3;4;5;4;4;5;4;2;1,760411524;4;3;4;5;4;3;2;2;2;2;2;0,487063535;2,9;2;1;1;3;5;5;2;1;4;5;0,240910611;2,9;3;3;2;4;4;5;4;2;4;2;1,169182259;3,3;3;3;3;2;2;1;2;4;3;4;0,300203273;2,7;5;5;2;5;5;5;5;4;5;3;2,02234993;4,4;2;2;1;2;2;2;4;3;3;3;-0,155015701;2,4;5;5;4;5;5;5;5;5;5;4;1,474682013;4,8;5;4;3;4;5;4;4;4;4;2;1,406776694;3,9;5;5;4;5;4;4;5;5;5;4;2,186861452;4,6;3;4;2;4;4;5;4;4;5;4;1,010374906;3,9;4;4;2;4;4;3;4;4;5;4;0,685454742;3,8;4;5;3;4;5;5;4;5;5;2;2,308915418;4,2;2;2;2;2;2;3;1;1;2;3;-0,978833965;2;1;1;1;1;1;2;1;1;1;1;-1,336176266;1,1;3;2;3;2;1;1;2;2;1;2;-0,375695599;1,9;1;1;2;1;1;1;1;1;1;1;-0,792081707;1,1;1;1;2;1;1;1;1;1;1;1;-1,315492581;1,1;9;8;6;10;1;8;4;5;10;2;[1, 4, 8, 9];[1, 2, 9, 8, 3, 4, 6];[1, 2, 4, 9];[1, 2, 3, 4, 6, 9];[1, 2, 3, 4, 6, 7, 8, 9, 10];[1, 2, 4, 5, 6, 7, 9];[1, 2, 3, 4, 6, 9];[1, 2, 3, 4, 6, 8, 9, 10];[1, 2, 3, 4, 6, 7, 8, 9];[4, 6, 7, 9]; ; ; ; ; ; ; ; ; ; ; ;
06.09.2016 19:25;1;26;Deutschland;4;1;3;4;5;5;4;Moby Why Does My Heart Feel So Bad;Moonbootica June;Kavinsky Nightcall;The Connells 74 75;Deadmau5 Arguru;Oskar Schuster Matilda;Das Glow I Want To Wake Up With You;Paul Kalkbrenner Dockyard; Justice vs. Simian We Are Your Friends; Digitalism ZDRLT (Rewind);pop;edm;edm;pop;edm;classical;edm;edm;edm;edm;9;12;12;9;12;2;12;12;12;12;3;2;2;3;2;4;3;2;3;2;2;-1,330103877;2,5;4;2;5;2;5;5;3;5;3;3;-0,575368845;3,7;5;3;4;5;3;5;5;5;3;3;1,563155111;4,1;2;3;3;2;4;3;1;3;2;2;-0,916386422;2,5;5;2;4;5;4;5;3;5;3;3;0,580973599;3,9;3;4;3;3;5;5;5;5;3;5;0,939468247;4,1;4;3;4;5;3;5;4;5;5;3;1,910731294;4,1;2;1;2;1;1;4;1;1;2;2;-1,405125737;1,7;1;5;1;3;4;3;4;5;5;5;1,294894534;3,6;2;5;4;4;4;4;4;5;5;5;2,455918169;4,2;4;1;3;3;2;4;2;3;1;1;-0,182266273;2,4;4;4;4;4;3;4;4;5;3;4;1,198022513;3,9;4;4;4;4;3;3;4;3;4;4;1,953918833;3,7;4;5;4;5;5;5;5;5;5;5;1,474682013;4,8;4;4;4;5;4;5;3;5;3;3;1,554685458;4;4;4;3;4;1;4;5;5;4;4;1,01358258;3,8;2;5;3;4;5;4;5;5;5;5;1,543710634;4,3;4;5;4;5;4;1;4;5;5;4;1,032032982;4,1;3;3;4;3;4;4;4;4;3;4;1,524755465;3,6;2;2;2;1;1;1;4;1;1;2;-1,425261617;1,7;1;1;1;1;1;1;1;1;1;1;-1,493168256;1;4;1;1;3;3;4;3;1;1;1;0,089615464;2,2;2;1;1;1;1;1;1;1;1;1;-0,792081707;1,1;1;1;1;1;1;1;1;1;1;1;-1,469251454;1;10;5;0;3;5;2;3;3;8;1;[1, 9, 10];[1, 2, 5, 7, 9];[1, 2, 9, 8];[1, 4, 8];[1, 2, 5, 9];[1];[1, 4, 7, 9];[1, 2, 4, 5, 6, 8, 9];[1, 5, 6, 9];[1, 2, 5, 7, 9];Auch das dazugeh_rige Musikvideo schaue ich mir immer wieder gerne an.; ;Unvergessen als musikalische Untermalung in Drive.; ; ; ; ; ; ; ; ;
08.09.2016 10:04;2;16;deutsch;2;1;1;2;1;5;1;Pink try;lady gaga poker face;Rihanna umbrella;Casper so perfekt;Jennifer Lopez I ain't your mama;Christina Stürmer Ein Teil von mir;One Republic Kids;Die Toten Hosen An Tagen wie diesen;Böhse Onkelz Viva los Tioz;Dua Lipa Hotter than hell;pop;pop;pop;rap;pop;pop;pop;alternative;rock;pop;9;9;9;13;9;9;9;5;7;9;4;3;4;3;4;3;3;4;3;3;2;-0,185342344;3,2;5;4;4;5;4;5;4;4;5;4;0,719211057;4,4;3;2;4;2;4;5;2;4;1;4;-0,010490974;3,1;4;4;4;3;4;3;3;4;2;4;0,766772312;3,5;4;3;4;4;4;4;3;3;3;5;0,292091699;3,7;4;5;4;3;4;2;4;4;5;5;0,784610843;4;1;1;2;1;1;2;1;1;1;1;-2,448542025;1,2;2;2;2;1;1;2;2;2;3;1;-1,247443298;1,8;5;5;5;2;4;1;5;5;2;4;1,596032798;3,8;5;2;2;1;2;1;2;2;1;3;-0,546465621;2,1;4;4;4;4;3;3;3;3;1;1;0,78267282;3;3;2;3;1;4;2;3;3;1;3;-1,110094255;2,5;1;2;2;3;3;3;3;3;3;3;0,169435766;2,6;4;3;4;2;4;3;3;4;2;3;-0,732742206;3,2;3;3;3;1;3;3;3;2;1;1;-0,959763539;2,3;5;2;2;2;3;3;3;5;1;1;-0,599675868;2,7;2;3;3;1;3;3;2;4;2;2;-0,856300141;2,5;1;1;1;1;1;1;1;1;1;1;-2,5492755;1;1;1;3;1;2;5;1;1;1;5;-0,435644418;2,1;4;3;1;3;3;5;2;4;1;5;0,658067429;3,1;1;2;1;2;1;1;2;3;5;1;-0,08024035;1,9;2;1;2;1;3;3;2;1;1;3;-0,375695599;1,9;2;2;1;2;1;3;2;3;2;1;0,626572097;1,9;1;4;1;2;1;3;3;3;2;3;0,529613896;2,3;4;0;0;1;1;5;4;0;0;0;[1];[1];[1];[1];[5, 6, 7];[4];[6, 7];[6];[6, 7];[6, 7]; ; ; ; ; ; ; ; ; ; ; ;
10.09.2016 09:29;1;31;deutsch;4;2;5;4;1;3;4;The Great deltas Tra La La;MArlena Shaw California Soul;Daydream - Gunter Kallmann Choir;Panko Elektronisches;Duke Ellington & John Coltrane - In a sentimental mood;Sonny Terry Brownie McGhee I Love You baby;Absolute Beginner Wir fahrn;new Order Blue Monday;Nirvana Smells like teen Spirit;Elvis Costello Alison;rock;soul;soundtrack;alternative;jazz;blues;rap;pop;alternative;country;7;14;11;5;4;1;13;9;5;8;9;3;4;4;3;5;2;2;4;3;4;0,14173238;3,4;5;4;4;3;4;4;2;4;5;3;-0,390428859;3,8;1;5;4;1;5;4;3;3;1;5;0,146873635;3,2;2;3;4;4;5;1;2;5;3;4;0,430140565;3,3;2;3;4;3;4;2;1;2;5;5;-0,574554001;3,1;4;2;4;3;3;3;3;3;5;2;-0,454248383;3,2;1;4;2;1;4;3;3;2;1;3;-0,64470479;2,4;2;3;3;4;5;1;2;3;2;2;0,171698656;2,7;3;2;1;1;1;3;1;5;4;1;-0,813073312;2,2;3;2;2;1;1;3;2;2;1;1;-0,975377591;1,8;1;3;4;2;3;3;2;2;3;3;0,139380091;2,6;2;3;4;1;4;3;3;3;2;3;-0,615497805;2,8;1;1;1;1;1;4;5;2;2;3;-0,641692901;2,1;3;4;4;1;3;3;2;3;2;4;-1,146634247;2,9;1;3;2;1;4;2;3;1;1;4;-1,107672303;2,2;1;4;4;2;5;3;1;1;2;4;-0,599675868;2,7;2;2;2;1;1;3;2;5;2;2;-1,256301936;2,2;3;4;3;4;5;5;1;3;3;2;0,107824341;3,3;1;3;1;1;4;1;1;1;1;3;-0,958417721;1,7;5;2;2;1;1;2;1;4;5;1;-0,383597094;2,4;4;1;2;5;1;1;1;2;4;1;0,390735618;2,2;1;3;3;1;5;2;1;1;1;4;0,089615464;2,2;1;1;1;4;3;2;1;1;3;1;0,449240371;1,8;4;1;3;5;3;1;2;3;5;1;1,298408261;2,8;3;0;0;4;1;2;2;4;1;0;[1];[9, 8];[4, 8];[4];[4, 8];[1];[1];[7, 6];[6, 5, 7];[8, 4]; ; ; ; ; ; ; ; ; ; ; ;
13.09.2016 12:03;1;49;schweiz;2;1;2;1;5;4;5;Amanda Boston;toto Africa;david gates bread;kokomo beach boys;air sexy boy;Rolling stones gimme shelter;the four tops its the same old song;REM drive;jimmy cliff i can see clearly now;serge gainsbourg brigitte bardot bonnie and clyde;rock;rock;country;pop;edm;rock;rock;rock;pop;soundtrack;7;7;8;9;12;7;7;7;9;11;5;2;4;2;3;4;2;3;5;2;4;-0,348879706;3,1;2;3;3;2;4;4;4;5;3;5;-0,945248817;3,5;5;5;5;4;4;1;2;4;3;4;0,933696677;3,7;2;4;1;4;4;1;4;4;2;4;-0,074807055;3;4;2;3;2;3;2;2;3;3;5;-0,863435902;2,9;2;1;1;4;2;5;3;3;4;3;-1,073677996;2,8;3;5;5;4;4;1;1;4;3;3;0,708173137;3,3;1;3;1;1;1;2;1;4;1;5;-0,932078419;2;1;3;1;4;1;5;4;1;2;1;-0,66250418;2,3;2;3;2;5;2;2;4;1;4;1;0,168387662;2,6;4;3;4;1;2;2;1;3;3;2;-0,021443091;2,5;5;5;4;3;3;3;1;4;3;5;0,703426063;3,6;3;1;4;1;2;3;3;2;3;3;0,007210033;2,5;2;4;4;4;4;5;4;5;5;5;0,646897931;4,2;1;4;4;2;5;3;2;3;4;3;0,223506578;3,1;4;5;4;5;3;2;2;5;5;3;1,01358258;3,8;2;4;2;3;3;2;4;1;2;2;-0,856300141;2,5;3;5;5;4;3;2;5;4;3;5;0,800980822;3,9;5;4;4;2;1;1;1;1;1;4;-0,043564442;2,4;1;2;1;2;1;4;1;1;1;4;-1,2764524;1,8;1;1;1;1;1;2;1;1;1;1;-1,336176266;1,1;4;1;4;1;1;1;1;3;1;2;-0,375695599;1,9;1;1;1;1;1;1;1;1;1;1;-0,969413433;1;1;1;1;1;1;1;1;1;1;1;-1,469251454;1;10;0;0;5;0;1;0;1;1;0;[1, 4];[1, 8, 9];[1];[1, 4];[1];[6, 1, 4];[1];[1, 4];[1, 4];[1]; ; ; ; ; ; ; ; ; ; ; ;
15.09.2016 12:33;1;66;deutsch;2;1;3;2;4;2;4;Rolling Stones Sympathy for the Devil;Rolling Stones Gimme Shelter;Beatles Hey Jude;Aretha Franklin Respect;Barry White Let the Music play;Robbie Williams Angels;Simon & Garfunkel Sounds of Silence;Guns & Roses Paradise City;Ten Years After - 50,000 Miles Beneath my Brain;Status Quo Rockin' all over the World;rock;rock;pop;soul;soul;pop;pop;rock;rock;rock;7;7;9;14;14;9;9;7;7;7;3;4;3;4;4;4;3;5;4;5;2;0,795881828;3,8;5;4;5;4;5;5;5;5;5;3;1,089091028;4,6;1;1;5;2;4;5;5;1;3;1;-0,482584799;2,8;4;3;4;4;4;3;4;3;4;2;0,766772312;3,5;4;4;4;4;3;5;5;5;5;2;0,869855499;4,1;4;4;2;4;3;3;3;4;4;4;0,010323827;3,5;2;2;5;3;5;4;4;1;1;1;-0,043425711;2,8;2;4;3;3;2;2;4;3;3;2;0,329381095;2,8;2;2;1;2;2;2;3;4;1;5;-0,511935048;2,4;1;2;5;3;4;2;2;2;1;4;0,168387662;2,6;1;2;3;2;3;5;4;1;5;1;0,300203273;2,7;1;2;5;4;4;5;4;1;2;1;-0,450632321;2,9;4;4;4;4;5;4;2;3;3;5;2,116144567;3,8;3;2;5;4;5;4;3;1;3;4;-0,456814179;3,4;1;2;5;4;4;5;5;1;4;2;0,519324107;3,3;1;4;4;4;5;4;5;4;4;3;1,01358258;3,8;4;4;4;4;4;4;5;4;4;5;1,410376702;4,2;5;5;5;5;5;5;5;5;5;5;2,071767703;5;1;1;2;1;2;3;3;1;2;1;-0,958417721;1,7;4;3;2;2;2;2;2;4;2;4;0,062830559;2,7;4;3;1;1;1;1;1;3;2;1;-0,23723234;1,8;2;2;2;3;2;4;5;1;5;1;0,865133903;2,7;4;3;1;1;1;1;1;2;1;1;0,09457692;1,6;3;4;1;2;1;1;1;4;1;3;0,22209615;2,1;10;0;0;9;9;1;1;6;0;0;[1, 4, 5];[1, 4, 5];[1, 4, 6, 8];[1, 5, 8];[1, 4, 5, 8];[1, 4, 5, 8];[1, 4, 5, 8];[1, 4, 5];[1, 4, 5, 8];[1, 4, 5, 7]; ; ; ; ; ; ; ; ; ; ; ;
16.09.2016 07:39;1;40;Deutsch;2;2;2;1;1;5;5;Sia  Cheap Thrills;Metallica One;Böhse Onkels Auf gute Freunde;Mamas and Papas California Dreaming;Rage against the machine  Bullet in the head;BAP Verdammt lang her;Rage against the machine  Freedom;ACDC  TNT;Guru Josh  Infinity;Santana Maria Maria;pop;rock;rock;rock;alternative;rock;alternative;heavymetal;edm;rock;9;7;7;7;5;7;5;6;12;7;5;2;4;1;2;2;2;2;2;3;4;-1,493641239;2,4;2;3;2;2;3;1;4;3;3;3;-2,609708691;2,6;2;1;1;2;1;1;1;1;2;2;-2,685689317;1,4;2;3;1;1;3;2;2;2;1;2;-1,926281662;1,9;2;4;1;2;2;3;1;2;1;4;-1,874522552;2,2;2;1;1;1;2;1;2;1;1;3;-3,086824239;1,5;3;1;1;4;1;4;1;1;1;2;-1,396303638;1,9;1;1;1;3;1;2;1;1;1;3;-1,720490615;1,5;4;2;2;3;2;2;2;2;4;4;-0,060227653;2,7;4;2;1;2;1;1;2;1;3;3;-0,689436278;2;1;4;2;2;1;1;1;2;1;4;-0,986382184;1,9;3;2;1;2;1;3;1;1;2;3;-2,099287156;1,9;2;2;3;3;3;3;2;3;3;3;0,331661499;2,7;3;1;1;1;1;3;2;2;1;2;-2,80220241;1,7;2;2;1;3;1;3;3;1;3;2;-1,255581068;2,1;1;1;1;1;1;4;2;3;2;4;-1,62629488;2;4;2;2;2;4;3;3;3;4;4;-0,056296549;3,1;1;3;1;3;1;1;1;2;1;1;-1,9716451;1,5;2;1;1;1;1;1;1;1;2;3;-1,350497697;1,4;2;1;3;1;4;1;4;3;3;3;-0,234787877;2,5;1;3;4;1;5;1;5;3;2;2;1,175695566;2,7;1;2;1;3;3;3;2;2;1;3;-0,065488224;2,1;1;4;3;2;2;1;3;2;1;1;0,803903822;2;1;2;3;2;4;3;3;3;3;3;1,144649388;2,7;10;2;1;1;7;0;4;0;7;0;[1, 2, 3, 5, 9];[9, 2, 1];[1, 5];[1, 5, 9];[1, 5, 7, 9];[1, 5, 7, 9];[1, 5, 9];[1, 5];[1, 7];[1, 7, 9, 4]; ; ; ; ; ; ; ; ; ; ; ;
19.09.2016 18:15;1;32;Deutsch;3;2;4;4;3;5;2;Absolute Beginner Füchse;Metallica Master of Puppets;Tower of Power Squib Cakes;Star Wars Imperial March;Golden Earring;Santana Black Magic Woman;Kool Savas - king of Rap;The Doors Riders on the Storm;The Rolling Stones You can't always get what you want;Die Toten Hosen Liebesspieler;rap;heavymetal;jazz;soundtrack;rock;jazz;rap;rock;rock;pop;13;6;4;11;7;4;13;7;7;9;6;3;5;5;5;5;5;5;5;3;2;1,613568638;4,3;4;5;5;5;4;5;5;5;4;2;0,719211057;4,4;4;1;3;1;2;5;2;5;2;2;-0,639949408;2,7;2;2;5;5;4;5;5;5;3;3;1,440035805;3,9;4;2;5;4;4;5;4;5;2;4;0,580973599;3,9;2;3;5;4;4;5;4;5;3;2;0,320038633;3,7;4;2;4;2;4;4;4;5;3;3;1,008812676;3,5;3;2;5;4;4;5;2;3;4;2;1,275475731;3,4;5;4;3;2;4;3;4;5;2;3;1,144325402;3,5;5;2;5;4;4;5;4;4;4;2;2,027006199;3,9;1;4;2;4;4;1;2;4;2;1;-0,021443091;2,5;3;1;4;2;4;4;4;4;4;2;0,043964129;3,2;2;1;1;4;4;1;4;2;3;5;0,331661499;2,7;5;3;5;4;4;3;5;4;4;3;0,370969903;4;4;2;4;3;4;4;5;5;3;4;1,258867929;3,8;4;2;3;4;4;4;5;4;4;3;0,866922722;3,7;4;2;5;5;4;5;4;4;3;4;1,143708838;4;5;4;4;5;4;4;3;4;3;3;0,800980822;3,9;3;2;4;2;4;4;2;5;3;4;1,132675488;3,3;3;4;3;5;3;4;2;3;3;3;0,955685864;3,3;2;4;1;4;4;2;2;1;2;4;1,018703576;2,6;2;2;1;2;2;2;2;2;3;3;-0,065488224;2,1;1;3;1;2;2;2;2;3;3;4;1,335898999;2,3;1;4;1;4;2;2;4;3;2;3;0,990890515;2,6;2;2;0;3;0;5;3;1;0;0;[1, 2];[2, 4];[4, 6];[6];[6, 7];[4];[6, 7, 8];[7];[6];[1]; ; ; ; ; ; ; ; ; ; ; ;
